reviews,label
하지만 소금 빵은 동굴이 없고 좀 말라 있어서 아쉬웠어요,0
오늘 드립커피는 좀 애매한 맛이긴했지만,0
드립커피는 별로 안 좋아해서..,0
분위기 깨끗한데 좌서이 불편하네요.,0
커피 맛도 예전 같지 않아요,0
다만 시멘트 커피랑 에그타르트는 별로였어,0
우유 크림은 맛있고 다른 건 특색은 있으나 대단히 맛있진 않다,0
다만 매장이 좀 추워요,0
음 손님들이 아주 많이 시끄럽네요,0
다들 싸우는 거인지 소리소리 지르면서 대화하시네요,0
한 가지 아쉬운 건 주차가 안 된다는 점,0
낮에만 하는 것이 단점이긴한데 ,0
아아만 테이크아웃 할인되는 것이 쪼금 아쉽지만,0
근데 바스크치즈케크가 너무 쪼마남,0
아침 픽업 후 오후 7시 반쯤 할머니 생일 파티했는 데 너무 오래 얼려 두셨는지 저녁까지도 꽝꽝 얼어서 안 잘려 가지고,0
오늘 초 못 불었어요..,0
다만 케이크 포장할 때 포장 상자보다 밑에 케잌 받침이 너무 작아서 조심히 들고 갔는 데도 글씨 써진 부분이 다 망가졌어요,0
카페는 이쁜데 가격은 비싸고 별로 안 친절하세요,0
음료 가격이 조금 비싸요.,0
포토 존 다수 빵 등의 디저트 맛이 좋음 아기의 자 있음 3 층 이상은 안전을 위한 노 키즈 존 음료의 맛은 그럭저럭 낮에는 햇빛이 강하게 들어옴 2 층 남자 화장실은 전반적으로 깨끗해 보이나 세면대 곰팡이 있음,0
빵이 충격적으로 맛이 없어서 화가 났어요,0
음료를 옷에 쏟아서 물티슈 좀 달라 했더니 없다고 함 공영 주차장에 주차된 차에 뛰어가서 물티슈 갖고 옴 커피 값이 싼 것도 아닌데 이건 아니라고 봄,0
헤이 안 좋아요.,0
가성비는 별로.,0
직원은 많지만 매장에 테이블 닦거나 화장실 정리는 아무도 안 함.,0
식음료 매장이니 청결하게 관리해 주세요.,0
디카페인 커피는 별로구요.,0
바쁜 거 알겠는 데 주문하려고 기다리고 있으니 못 본 척함,0
싸가지 없는 눈빛과 함께..,0
커피 맛도 그저 그럼 힘들면 일하지 말던가 기분 좋게 놀러 온 사람까지 기분 잡치지 말고,0
여직원들 말투가 친절한 척하지만 귀찮은 티 팍팍 내는 간호사 말투,0
케잌은 가격 대비 빵이 퍽퍽함,0
이 팥빙수가 2만 원입니다,0
아메리카노 디카페인과 아메리카노 샷 3개 시켰는 데 설명도 안 해 주고,0
음료만 주고 팽 하고 가 버려서 메뉴 많이 시켰는데 다시 바리바리 들고 가서 물어 봤어요.,0
사과도 없고 멀뚱멀뚱 일행들도 다 맛없다고 절래절래 비추합니다.,0
반려견 동반은 1 층 구역에 한정돼 있어요.,0
시즌 한정판 리얼 딸기 통통을 예약을 했는 데 사진이랑 달라서 말씀 드렸더니 가격은 똑같고,0
사진을 변경을 안 했다고 말해서 좀 어이가 없었네요,0
빵이 맛있어서 멀리서 왔는데 다시는 안 올 거 같네요,0
그치만 이번에 기념일 케이크로 선택한 건 실수였어요.,0
촛불에 불을 켤 수 없었어요,0
들어 있던 초와 함께 동봉된 성냥도,0
따로 구입한 숫자 모양 9초의 성냥이 불량이었어요..,0
불이 붙지 않는..,0
원래 티라미슈 케이크 맛집이었는데,0
티라미슈가 없어졌어요...,0
케이크도 조금 작아졌어요..,0
커피도 맛있는 데 자리는 조금 불폌해요,0
주문한 음료 외의 컵은 제공되지 않습니다,0
손님도 많네요.,0
여직원 친절 도가 떨어지네요.,0
늦은 시간에 가면 빵 종류가 많지는 않은 거 같아요,0
에그타르트 살까 말까 고민하다 추천 빵이라고 해서 사 봤는데 어른들이 좋아하실 만한 에그 타르트 느낌이였어요 제 입맛에는 별로 안 맞았습니다,0
오히려 한옥 마을 점에는 녹차 초코파이가 있던데 본점엔 없더라구요!,0
본점 서 초코파이 반반 2 박스나 샀는 데 크기가 너무한 거 아닙니까....,0
집 와서 열어 봤더니 붓세는 괜찮은데 초코파이 크기가 완전 미니 사이즈 같아요....,0
위에꺼는 한옥마을 점 초코파이입니다. 실제로 봐야 진짜 차이가 확 나는 데 비교한 사진입니다. 진짜 크기보고 너무 충격....,0
한 개만 작은 것이 아니라 2 박스 중 초코 6개 정도가 다 작아요.. 너무 실망이에요,0
맛은 똑같으나 같은 가격으로 크기가 터무니없이 작으니 화가 나더라구요. 다음에 간다면 저는 한옥마을 점 가려고요.,0
근데 본점이라서 맛이 좀 더 있거나 빵이 신선하다는 느낌은 받지를 못 했습니다.,0
서비스도 별로 친절하다는 느낌을 받지는 못 했습니다.,0
뭔가 확 와 닿는 것이 없는 그런 카페 느낌.,0
자리가 애매하네요,0
저 통유리 공간 보고 갔는 데 쪼매 실망했어요 덩그러니..,0
입구가 들어올 때 넘 가팔라요...,0
가격 대비 음료가,0
케이크도 넘 작구요,0
출구가 조금 위험해요,0
음료 맛은 별로에요,0
카운터와 주차장 관리 스텝 많은데 아직은 어수선함.,0
친절도 아쉽고,0
입구는 경사도 심해서 살짝 무섭.,0
2 층 실내는 울려서 그런지 많이 시끄럽게 느껴졌고 1 층은 덜 울리는 했어요.,0
신상 카페답게 사람 어마어마 주말에 갔다가 정신없어 후다닥 먹고 나왔어요,0
커피랑 음료가 비싸요,0
넘 위험한 듯,0
근데 왜 화장실이 실외에 있는지....,0
주차장 입구에 가파른 오르막이 있어 운전 초보신 분들은 주의를 요함.,0
바닐라 라떼 한 잔에 7500원으로 다소 비싼 편이며 가격에 비해 커피 맛은 별로다.,0
뷰가 좋아서 사람들이 너무 많이 온다,0
커피가 드립커피밖에 없고,0
가격도 저렴하진 않습니다.,0
커피 값은 조금 비싸지만,0
내리막길로 내려가야 돼용..,0
바게트 빵이 조금 단단하고 질겨서 먹기 힘들었어요,0
디저트 맛은 별로예요.,0
화장실 냄새가 많이 나요,0
운전에 서투시면 오지 않으시는 것이 평일에도 주말에도 사람 넘쳐 나요,0
한 번 오면 됐다 싶어요,0
산 쪽이라 4시만 되도 추워져서 아쉬워요,0
야외인데도 불구하고,0
화장실 냄새 때문에 너무 불쾌했어요,0
메뉴가 너무 없어요,0
입구가 좀 가파른 듯해요.,0
그리고 주말에 가니 사람이 너무 많아서 자리도 없.....,0
어서 좀...,0
힘들었습니다,0
주차장 진입 때 당황했어요,0
경사가,0
그래도 입구 출구를 따로 해서 다행이였어요 경사가 급한데 같이 썼으면 난감했을 듯,0
얼마 안 되서인지 좀 어수선한 듯도하지만..,0
건물 1 층 안쪽 자리는 피하세요,0
하수구 정화조 냄새가 납니다,0
커피는 그닥 맛이 없네요.,0
비싸기만하고요 만들어 놓은 플라스틱 통에 담긴 드립?,0
너무 연하고 아무 향도 안 느껴지네요.,0
지나다 한 번은 와 보겠지만 두 번은 글쎄요...,0
근데 케익은 정말 안씁이네요,0
치즈 부분이..,0
불량스러운 맛..,0
돈 아까워서 먹음 요 정말,0
맛없어요..,0
왠 만하면 케익 업체 좀 괜찮은 곳으로 바꾸시죠,0
좋은 곳은 맞는 데 화장실이 에러,0
음료나 베이커리 가격은 조금 비싼 편이예요,0
사람 너무 많아 일욜 오후 자리 잡기힘듬,0
야외 자리는 너무 추워서 오래 못 있음,0
주차장 내려가는 길 가팔라,0
저렴한 가격이라고 해도 많이 아쉬웠네요,0
커피는 취향이 다 다르겠지만 정말 물에 물 탄 듯 싱거웠어요 핫,0
아이스 둘 다 싱거웠어요,0
담배 피는 사람 너무 많아요,0
나중엔 커피 맛도 안 느껴졌어요,0
담배 냄새 너무 심해서 그거 빼면 좋아요,0
음료가 비싼 것이 아쉽네요,0
커피 가격만 좀 싸면 좋겠어요.,0
평일이라 그나마 좀 여유로웠으나 디카페인은...,0
진짜 맛 없....,0
걸레 빤 맛 나요,0
커피는 쓴맛이 많이 나서 별로였어요,0
커피 가격 사악해요,0
입구 앞에 바로 줄 서서 주문하는 공간이여서 너무 복잡했어요,0
벌레 맛집,0
손님이 너무 많아 정신이 없네요,0
빵 가격대가 6500원부터 시작..,0
대체적으로 메뉴들이 가격대가 있는 ,0
편 화장실 물이 잘 안 내려 갑니다,0
주차장은 여러 곳 있으나 공휴일엔 만 차라 길가에도 주차하네요..,0
워낙 사람이 많다 보니 주문하는 것도 줄도 길게 늘어서서 오래 기다렸어요…,0
소금 빵은 너무 질겨서 별로였어요,0
기차 소리,0
아이들 소리로 시끌벅적합니다,0
이 카페 위에 핫한 2 곳의 까페가 있으나 긴 웨이팅과 자리 없음에 지쳐 온 곳,0
데이터가 잘 안 터지고,0
테이브리 끈적거리는 건 단점이에요,0
1 층 모기는 독하네요,0
주말이라 사람이 너무 많았는 데 기차 서빙이 되는 테이블은 8개라서 오래 기다렸어요.,0
음료 가격은 비싼 편이고 맛은 평범했네요.,0
야외 자리는 조금만 더 깔끔하면 더 좋았겠지만,0
까눌레가 없어서 아쉬웠어요,0
블루베리 히비스커스 첨 먹어 봤는데 츄잉껌 맛 나요 친구가 먹어 보더니 껌 단물 빠진 맛 같다구 제 입맛엔 안 맞았어요,0
뷰가 이쁘긴 한데 거 격이 비싸요,0
일행이 다 안 들어 와서 혼자 먼저 들어왔다 하니 다시 나가라네용 다시는 오기 싫음 겁나 불친절함,0
가격은 비싼 편이지만,0
음료와 빵이 좀 비싼 것 같긴하지만,0
근데 사람에 비해 좌석 수가 부족하고,0
자리가 매우 불편합니다.,0
좀 비싸요...,0
솔직히 가성비는 별로지만,0
비쌎,0
자갈치 시장도 여기보단 조용할 듯,0
시그니처라 해 월넛 라떼를 주문했는 데 기대 이하,0
개취 이었고 방문객이 많고,0
파손 위험이 있어 그럴 터지만 무조건 1회용 컵 사용은 자제하는 것이 어떨까 합니다.,0
웨이팅의 불편함과 손님 많아서 힘든 부분도 다 감내합니다.,0
당시 점원분이 굉장히 무성의하고 불친절했어요.,0
관광지라 손님이 많아 신경을 못 썼다면 그러려니 이해라도 하겠는데 당시 거의 첫 손님이었습니다.,0
옆에 카라 반 갔다가 들렸는 데 불쾌한 기분을 느끼게해 주는 월요일 오전 타임 훌륭한 점원분이었습니다,0
좌석이 너무 가까이 붙어 있어요!,0
사람 많고,0
사람이 많아서 그런가 서비스는 약간 아쉬워요,0
좀 마니 비싼 편이지만,0
들어오자마자 고민할 겨를도 없이 주문 재촉하는 거 보니 손님에 대한 예의가 전혀 없는 카페네요.,0
옆에서는 재 입장 불가 외치고 있고 앞에서는 주문 빨리 하라는 듯이 눈치 주고 있고 정신 없어서 다시는 안 가고 싶은 곳입니다.,0
여기 가실 분들은 이거 참고하시고,0
인터넷으로 미리 메뉴 사전 조사해 가시길 바래요,0
방갈로에서의 공간은 좋은데 넘 소리 지르듯 안내하 안내하시에 매번 불쾌감이 드네요,0
따뜻한 라떼는 거의 차가움에 가깝고,0
뜨아는 그냥 따뜻한 맛으로 마셨네요,0
손님 많은 것이 불편하면 직원들 채용을 더 하시지요 자리 찾다가 지치네요,0
왠만 하면 안 좋은 리뷰는 되도록 안 쓰는데 진짜 기분 너무 안 좋아서 씁니다.,0
주문할 때 뭐 먹지 하고 메뉴보니 하 한숨 쉬고 짜증 내던 남자 직원 분 토요일 오후 9시경 쯤 이것이 무슨 경우인가요. 뒤에 기다리던 팀 없었음 심지어 별 채 있네 하니 설명해 준다고 앞으로 오라 했음,0
강아지 동반 되냐고 나중에 별채 이용할 수 있냐고 물었으면 설명을 제대로 해 주던가 강아지 데리고 다시 들어왔더니 왜 강아지 데리고 들어오냐고 짜증 내던데 어이가 없네요,0
커피는 뭐가 뭔지 적혀 있지도 않고 이런 좁은 공간인 별채만 강아지 이용 가능한 줄 알았음 오지도 않았을 터인데 돈 내고도 짜증이랑 한숨 화내는 거 다 듣고 있자니 열 뻗치네요,0
서비스 진짜 최악입니다. 두 번 다시는 안 옵니다. 친구들도 물어 보니 이런 경우 많았다고 하네요,0
너무 복잡해요,0
직원 분들 끓는점이 낮은가 봅니다 인기 많은 카페라 힘드신가 봐요,0
직원 분들 안 지치게 사장님이 노력하셔야겠어요,0
사람도 없는 데 여러 직원들이 한꺼번에 이야기해서 고지하는 거 제대로 못 들었더니 실제로,0
고객님을 실제로 보다니…!,0
오늘 하루 바빠서 많이 지치셨나 보네 하고 넘기려했는데… ,0
재 입장이냐 물어 보고 뒤돌아서 본인 할거 하면서 대답 제대로 못 들어 놓구 두 번 물으면서 화내진 마 주세요,0
마스크 껴서 서로 의사소통 안 되는 거 알아서 최대한 잘 듣고 크게 말하려고 노력하는 데 첫 방문에 실망이 크네요,0
부산에 사는데 다들 가 보는 여길 안 가 본 나는 아싸인가 하고 방문했는데 다시는 안 갈 거 같아요,0
제가 안 가도 장사는 잘 되겠죠 많이 번창하세요,0
맛은 그냥 그래욤,0
여기 시그니쳐메뉴인 월 내 라떼시켜 봤는데 그냥 라떼에 안 녹은 홍차 시럽..,0
겨우 섞어 먹었더니 개별로에여 과테말라 브루잉커피도 그닥..,0
포크도 안 씻은 거 줘서 안 보고 먹었으면 큰일 날 뻔 요,0
커피는 비싸면서 맛도 별로 양도 별로 신경 좀 쓰셔야할 듯 요 뷰는 좋습니다,0
외곽 풍경은 좋은데 앉는 자리가 너무 불편한 것 같은데..,0
사람이 너무 많아서 정신없네요,0
입장과 동시에 결제부터 하고,0
자리를 볼 수 있는 것이 어이가 없네요,0
자리도 없고,0
그나마 있는 자리는 땡볕 들어오는 자리만 있는 데 이럴 거면 여기 안 왔죠,0
뙤약볕 쬘 거면 길에 서 있지 돈 내고,0
여길 왜 들어와요???!!!!!?!?!?!?!!! 열 받네 정말 풀문 커피는 메 X 커피랑 비슷한데,0
개인차가 있습니다.,0
서비스 안내나 대응 등은 기대치 이하라 서울에서 기대하고 왔는데 실망하고 갑니다.,0
직원 싸가지 없음,0
사람이 너무 많아서 자리 잡기 힘들었어요!,0
테라스에 강아지 출입이 가능한 줄 알았는데 아니라서 조금 실망스러워요,0
라떼 종류가 많이 달아요. 다 맛이 별로신 분은 참고 하세요,0
웨이팅도 길고,0
음료도 비싸지만,0
다만 담요 위 청결 도와 빈 백? 쿠션의 청결도가 의심,0
와 종이컵보다 살짝 큰 커피가 7천 원이라니..,0
커피는 약간 가성비가 아쉽다,0
그러나 사람들이 너무 많아서 시장 같은 느낌 다시는 못 갈 거 같아요.,0
커피는 제 스타일은 아니었지만,0
친절하지 않아요.,0
와글와글 너무 정신 없는 곳.,0
비싸요,0
매장 안은 테이블이 좀 더러워요,0
커피 맛은 그닥,0
프리미엄 아울렛 방문 후 웨이브 온 방문하면 드립백 준다 해서 쿠폰 받아 갔더니 수령 방식 개선 필요합니다.,0
카운터에서 주문받으면서 일괄 나눠 주면 좋을 터인데 음료 나눠 주시는 분이 진동 벨 수거하고,0
음료 나눠 준다고 정신없는 데 드립 백 달라고 하기도 미안하고 그분도 번거로울 듯.,0
크림치즈 롤에 크림치즈는 짜고 시트는 퍽퍽해요.,0
시트 특성상 그런 것 같은 데 추천 드리진 않습니다 ,0
커피는 과테말라산 갖다 쓰는 지 특유의 텁텁한 맛이 납니다.,0
거기에 일 주일 지난 커피 특유의 산미도 느껴지기에 아메리카노 커피만큼은 추천 드리지 않습니다.,0
레드 웨이브는 바닥에 청이나 시럽이 깔려 있는 만큼 잘 섞으셔야합니다. 안 섞으면 굉장히 달아서 먹기 힘드실 수 있고 맛 보시고 너무 다시면 물 섞어 드시는 걸 추천 드립니다.,0
그리고 바다 뷰 자리는 앉기가 매우 힘듭니다.,0
비쌈,0
주문 후 앉을 자리를 찾아 1 층 2 층 3 층을 다 둘러봐도 자리가 없어,0
헤매다 루프탑 뜨거운 태양 아래 음료 마시다 왔네요.,0
좌석 정한 다음 주문을 받았으면 좋겠다는 아쉬움 가득입니다.,0
웬만해서 별로라고 안 하는 데 정말 최악입니다..,0
자리도 없는 데 손님은 계속 받고,0
자리가 없어서 음료 이미 결제한 손님들은 자리 찾으려고 계속 돌아다닙니다,0
다른 사람 앉았다 간 테이블 닦지도 않고,0
계단에는 음료 엎질러져 있고요 입장 자체를 할 때 음료 결제 해야 입장할 수 있게해 놓은 시스템이 너무 별로입니다,0
자리 확인하고 주문 받던가 하셔야할 거 같네요,0
오픈 시간에 가는 거 아니면 비추요,0
정말 가격 비싸고 양이며 질이면 최악 ~,0
뷰 말고는 암 것두 없어요,0
트레이를 들고 이동해야해서 번거롭긴하지만,0
지나만 다녔지 매장 이용은 첨인데 비싸고....,0
철저하게 1 인 1 메뉴 주문하도록 입구를 해 놔서 뭐랄까 전 또 갈 것 같지는 않아요.,0
호퍼에 맨손 넣어서 원두 휘젓는 모습 보고 놀랬습니다 아무리 바빠도 기본적인 위생은 지켜 주세요,0
하지만 주문하면서 화장실 사용을 하려니 주문 후 사용 가능하다고 직원이 불친절하게 응대하네요. 넘 삭막하네요. 짜증 났음 급한 사람 어찌하라고,0
다른 카페들보다 좀 어수선한 느낌이 있음!!,0
야외 나갔다 오면 영슈증 필요하기때매 들고 있어야함 불편!!,0
괜히 통로 만들어 놓고 주문하라는 식이라 별로임!,0
카운터랑 멀리서 사진 찍고 있는 데 나이 많은 오지랖 아줌마가 커피를 드릴까요함,0
 교육이 필요함!,0
고객이 필요하면 가까이 갈 것인데 기다릴 줄 모름!,0
실내 의자 불편 함 다시는 안 갈 듯,0
직원 불친절,0
장사 좀 댄다고 그러는지 카운터 남자 직원 때문에 기분 상함요,0
일회용 잔 아쉽네요,0
커피값도 비싼 디,0
선 결재 입장이구 앉을 곳 없어도 들어가야 하네요,0
돈 쓰고 벌서는 듯,0
사람이 많아서 자리 눈치 게임해야 하는 거 빼구요,0
제가 시켰던 썸머 레몬에 이드는 생각보다 너무 자극적이라...,0
좋아요 재방문 의사 있음 대신 많이 복잡해서 대기가 길어요,0
커피는 퀄에 비해 너어어어어무 비쌉니다,0
이런 곳은 이쁜 컵이 좋은데 그냥 종이컵이라 아쉬워요,0
케이크는 드시지마세여 아까워요,0
커피는 입맛에 조금 부족했어요,0
진심 짜증 남 주문 안 하고,0
구경만 오는 사람들이 싫은 건 알겠다만 같이 온 일행이 주문 순서 다음이고,0
화장실이 무지 급해서 입구 옆 화장실만 가겠다는데 못 가게함 주문하고 가라,0
뷰는 좋다 만 커피도 그닥,0
기장 쪽에 뷰좋은 다른 카페 많이 생기니 다신 안 오겠음,0
아메리카노 산미가 너무 쎄요,0
예쁘긴했지만 야외 의자는 앉기 좀 찝찝하더라구오...,0
인간들 다 자빠져서 낯 뜨겁게 애정 표현하는 것들도 있고,0
방 잡구 모텔 가던지,0
눠서 집구석 갈 생각도 안 하고,0
나머진 그닥 좋은지 모르겟음,0
음료 값이 비싸긴하지만,0
5년 전 방문 오늘도 재 방문했는 데 인테리어 많이 낡았어요.,0
제 정비가 필요한 것 같아요.,0
커피값 디저트 값이 다른 곳보다는 비싸지만,0
하지만 창가 바로 앞은 자리가 부족한 느낌이고,0
손님이 많아서 조용한 분위기는 아니에요,0
의자도 쿠션이 없어서 조금 불편했어요,0
뷰 말고 특별한 거 없어요,0
딱 뷰만 좋은?,0
실내는 협소하고 답답한 느낌이 많아요,0
사람 많을 때는 더욱 주문 받는 남자 직원 분 불친절한 정도?,0
지금 이 시대에 와이파이 안 되는 카페가 있을까요?,0
직원 공간만 와이파이가 있고,0
손님 앉아 있는 동은 와이파이가 아예 안 터져서 잠깐 일하러 왔으나 제대로 하지도 못 했네요.,0
문의해 보니 설치를 안 하셨다고 하시는 데 다른 분들도 참고 하시고 가세요.,0
매장 좁고 테이블 너무 불편하고 다닥다닥 붙어 있어요,0
바쁘다고 불친절하네요,0
쳇 그리고 전부 다 달아요 너무 마니 마니 마니 엄청 심각하게 설탕 덩어리 당 올 거 같아요,0
포스기에서 계산하시는 알바생 남자분 중 단발머리에 팔 양쪽 다 문신 정말 불친절하시고 퉁명스럽네요 손님이 죄 졌나요?,0
처음 응대부터 모든 것이 불친절해서 외국인 친구 데리고,0
관광 왔는데 제가 다 민망할 정도였네요,0
다시는 가고 싶지 않은 곳.,0
최악 중에 최악.,0
알바생 교육 다시 시키든지 물갈이 하셔야겠네요...,0
어차피 한 번 올 사람들이겠지만 그 딴 식으로 응대하면 좋던 기분도 다 망치죠,0
커피도 빵도 다 맛없음.,0
어차피 맛 보고 간 것도 아니었지만 다 기대 이하.,0
음료는 그냥 그랬고,0
말없이 한 손으로 카드 달라고 손 까딱 거리셔서 기분 나빴습니다.,0
영수증도 한 손으로 주시고,0
전반적으로 퉁명스럽고 불친절했습니다.,0
계산하는 분 말 한마디 안 하네요,0
표정 좀 피란 말은 안 하는 데 사람 말하는 데 대답도 안 하고,0
손가락에 카드 끼워서 주고 다시는이 아니라 두 번 다시는 안옴,0
좌석 너무 불편하고 너무 추움의 자랑 테이블 높이가 똑같음,0
좀 비싸요,0
유럽의 아침이라는 이름의 샌드위치는 비쥬얼과 이름에 비해 맛은 평범,0
오전 단발머리 빵 포장하는 젊은 여자 분 불친절해요.,0
멀리서 갔는데 참 실망입니다.,0
블로그에서 맛있다고 해서 갔는 데 빵 맛도 특별하지 않은 것 같아요. 직원 분 때문인지,0
가격 대비 작고 별로 안 친절함 뭐가 맛있냐고 물어봤는 데 취향에 따라 갈린다 하고 끝,0
의자가 불편해요,0
커피는 조금 연해요,0
케이크 가격 사악하지만,0
그런데 조금 아쉬웠던 건 화장실이 조금 깨끗했으면 좋겠고,0
세면대랑 주방 공간이 문으로 분리가 됐으면 더 좋았을 것 같다고 개인적으로 생각합니다,0
다른 카페보다 커피나 음료 값은 좀 비싼 편이나,0
주말이라서 내부 자리 잡기가 힘들었어요.,0
하지만 사람이 너무 많고,0
주차가 정말 헬이고,0
경사가 너무 심해요...,0
주말은 피해서 가는 것이 좋습니다...,0
사람이 많아서 자리 잡는 데도 한참 기다려야했습니다.,0
저는 재방문은 안 할 것 같습니다.,0
근데....... 올라오는 길이 롤라코스터 저리가라입니다,0
올라오는 동아 차가 뒤집어지지 않을까 x100번 생각하고 무서웠어요,0
올라가는 길이 아파트 단지로 들어가는 거 같지만..,0
네 비를 잘 보고 가시면 되는 데 마지막 15미터 정도는 경사가 진짜 60도는 되는 거 같아요,0
오랜만에 무섭게 올라갔네요,0
다만 찾아가는 길이 좀 어렵고,0
오르막 경사가 심해서 무섭습니다. .,0
아이들도 데려가고 싶은데 노 키즈 존이라 아쉬워요,0
다만 올라가는 길이 너무고바위라 운전하는 데 무서웠어요,0
내려오는 데 각도가 너무 가파르고 차체가 낮아서 밑 긁었어요,0
카페 가는 길 오르막길이 가파르네용,0
올라가는 길이 힘들지만,0
1 인 1 잔이라 당근 케이크도 아아 보다 비싸니 커피도 전 잘 못 마시다 보니 2명이서 와서 당근 케이크랑 아아 주문햇는 데 1 인 1 잔이라 음료 하나 더 주문해야한다 해서 주문 하나 더 햇는데... 당근 케잌이 커피보다 더 비싼데 그건 왜 포함 안 해 주는지 이해가 안 됨.,0
찾아가긴 힘들었지만.,0
1 인 1 음료 빼곤 굳,0
올라가긴 힘들지만,0
케이크가 8000원이라 가성비는 별로에요..,0
분위기도 좋고한데 아내와 함께 둘이 와서 차는 마시기보다는 잠시 이야기나 하고 갈까 해서 왔는 데 커피를 인수대로 시켜야만한단다,0
그래서 차 한 잔과 케익을 시키려고하니 안 된다고 차만 마신다면 인수대로 시켜야하는 건 이해가 된다,0
그러나 집에서 커피를 마시고 왔으므로 그래도 장소를 이용하는 데 싶어 각각 하나를 시켜려고했는데 그것도 안 된단다 뭔가 강매 당하는 기분 기분 좋게 와서 씁쓸하게 내려 간다,0
가는 길은 힘들어요,0
 올라오는 길 너무 가팔라서 무서웠음,0
사람이 자리가 없어요,0
가는 길이 너무 무서워요,0
카페는 예쁜데 가는 길이.. 진짜 힘들어요,0
주말에는 노트북 태블릿 못 쓰는 것이 아쉬워요,0
아이랑 같이 갔는데 노키즈존인지도 몰랐네요 네이버에 표식을 해 줬으면 하네요,0
모르고 찾아오는 사람도 많을 거 같은데 문에도 표식도 없구 노 키즈 존이란 단어가 하나도 없었어요,0
그래서 커피 테이크아웃해서 밖에서 마시는 데 밖에서도 커피 마시면 안 된다고 아에 밖으로 나가야 된다 해서 솔 찍히 불쾌했어요….,0
이건 아닌 듯하더라구요 굳이 여길 오겠나 싶었네요,0
음료는 그냥 그랬어요 가격 대비 비싼 편이며 특별한 맛보다는 그냥 아이스크림이예요.,0
내 외부 자리가 다소 불편해서 오래 앉아 있기엔 무리지만,0
리뷰에 불친절하다는 후기가 많아서 알고는 갔는데 왜 그런 후기가 많은지 알겠더라구요..,0
카운터 보시는 분은 사장인가요? 뒤에 직원은 마스크 쓰고 있던데 혼자만 마스크도 안 쓰고 불친절,0
사장님이 영수증 리뷰들 확인을 하고 개선을 좀 하시면 더욱 번창하실 수 있을 것 같네용,0
가격이 좀 비싸긴합니다,0
카운터 직원 분은 쫌.. 불친절했습니다,0
제가 체육복을 입고 가서 그랬을까요 주문하는 데 메뉴 물어 보니 크림이요 설명을 대충 해 주시네요...,0
코코넛이 들어간 메뉴 같았는데 귀찮으셨는지 설명을 안 해 주셔서 코코넛 안 좋아하는 저는 먹지도 못 했네요,0
주차 힘듬,0
자리 불편,0
직원 불친절 마스크 끼고 일 안 함 물 없음 사야 됨 생수도 팔아서 돈 많이 버십쇼,0
불편한 좌석과 매우 낮은 테이블.. 이것이 갬성..,0
커피는 맛이 없읍니다,0
내부 좌석이 편하지 않고 커피 가격에 인테리어 관람 비가 덧붙여진 느낌입니다.,0
"바닐라 라떼는 8,000 원이여서 특별할 줄 알았는데 제가 다니는 동네 카페가 훨씬 맛있었어요.",0
"노 키즈 존임을 확인하지 못한 불찰도 있지만 자리를 잡고 음료를 구매하기 전에 직원이 안내를 하지 않은 점, 직원의 불친절한 안내 메시지 나아가 가족 관광객이 찾는 유명 관광지에 위치한 해당 업소의 정책이 아쉽습니다.",0
자리가 너무 불편해요,0
한 번 방문해 보기엔 좋았으나 시그니처 음료와 소금 모나카에서 특별한 맛은 찾지 못 했습니다.,0
커피가 8000원 너무 비싸요,0
물도 사 먹어야한다니 도저히 믿을 수 없네요,0
아이스 바닐라라떼 8000원,0
음악이 시끄럽다.,0
좌석이 아주 불편하다.,0
1회용을 사용해 가격대의 퀄리티가 안돤하다.,0
가격만큼 하지 못한다.,0
맛없고,0
직원은 계산대에만 있는.,0
자리가 좀 불편하게 느껴지는 점이 아쉽지만,0
근데 직원들이 사람을 너무 빤히 쳐다봐요,0
좌석은 손님들을 배려하지 않더라 능! 좌석 불편.,0
다신 안 올 듯!!! 좌석이 상상 이상으로 불편합니다.,0
모든 의자에 등받이 없음 엄청 딱딱함.,0
책상 아님... 등을 굽은 상태에서 커피 먹기 힘들어요...,0
솔직히 인테리어도 그닥,0
커피값도 8000원 정도인데 맛이 그저 그래요,0
시그니처시켰는 데 특별함이 없어요.,0
커피 원두가 약간 산미가 느껴져서 제 입엔 별로였지만 산미 좋아하시면 괜찮을 꺼 같아요,0
실내는 협소하고,0
직원들은 불친절하고,0
가격도 비싸요,0
사람 많아서 주차하기 힘들었지만,0
의자도 불편하고,0
음료도 가격 대비 별로였어요,0
하지만 직원 한 분이 굉장히 불친절하셔서 좀 당황스러웠네요,0
말투만 조금 친절하셨으면 더욱 더 좋은 기분이였을 터인데 아쉽습니다 동동 라떼는 우유가 많이 들어 있었으며 위에 초코가루가 있어서 달달 했습니다,0
아아는 맛이 없긴했지만,0
빵은 별로인데,0
아이스 아메리카노는 조금 싱거움,0
모기가 많이 들어옴,0
크루아상은 괜찮았는데 소금 빵 맛이 요상했어요,0
주말 낮 1시경 일하시는 여직원 분!! 진짜 불친절의 끝판왕입니다. 42년 간 살면서 이렇게 모욕적으로 불친절한 사람 경주 와서 만나 보네요.,0
경주를 찾는 외국인들에게 부끄러운 한국인 관광지가 되지 않길 바랄 뿐입니다,0
다소 베이커리 가격이 비싼 편입니다.,0
커피도 스벅보다 비싸요,0
바닐라 라떼는 너무 달았어요,0
소금 빵도 뭔가 떡 진 느낌,0
카페가 이뻐요 커피 맛은 그냥저냥 가격은 관광지라 그런지 비싼 느낌,0
고양이가 뒤에... 대나무숲.. 에서 응가를 해서 냄새가 너무 고액해 자리를 이동했네요,0
커피 맛 있는 지는 잘 모르겠고,0
양이 아쉽,0
사람이 너무 많아요,0
커피는 얼음이 너무 많아서 마실 양이 적네용,0
옆집 생선 구이 냄새가 좀 많이 나긴하지만 야외 분위기가 너무 좋아서 참고 야외에 앉았어요,0
솔 라떼 시그니처인 줄 알고 먹었는 데 라떼 얼음 위에 아이스크림 올려져 있네요 따로 노는 맛,0
월욜 방문했는 데 사람이 워낙 많아서 자리 잡는 데 애 먹었어요,0
관리에 조금 더 신경 쓰시면 더 쾌적한 카페가 될 것 같아요,0
바리스타 1명..너무 늦게 커피 나옵니다,0
이 카페만의 특별한 메뉴는 아니였지만 맛있었어요. 근데 얼음이 너무 크고 많았고 커피 양은 너무 적어 아쉬워요,0
단 가격은 이래저래 시키니 많이 나오더라구요,0
갠적으로 에이드는 너무 달아 비추 드려요.,0
시설 관리도 부탁 드립니다 앉아 있다가 의자가 갑자기 분리되는 바람에 허리 삐끗했네요,0
직원분 불러서 의자 상태에 대해 전달하고 넘어졌다 말했는데 아무대꾸 없이 의자만 달랑 들고 나가셨네요 마지막 코스로 솔 카페에서 커피 한 잔 마시고 출발하고자 지인들 데려 왔는데 미안함에 집으로 오는 내내 마음이 불편했습니다 도착하자마자 병원부터 가게 생겼어요,0
노후된 물건들 관리나 교체 시급해 보입니다,0
그리고 사람이 넘어져 다쳤다 하면 괜찮냐고 물어는 봐 주세요,0
카페는 이쁜데 가격 대비 맛이 아쉬워요,0
가격이 너무 비싸네요,0
음료 3 잔에 19000원...,0
근데 솔에이드 그냥 블루에이드로 이름 바꿔야할 듯 슬라이스 레몬 한 장도 안 들어감,0
아이스크림은 특별한 맛이 있는 건 아닌 것 같아요.,0
오전에 갔는 데 매장 청소도 안 돼 있고 지저분하고 별로였어요.,0
자리는 좀 많이 없는 편인 거 같은데,0
매장 넓고 손님 정말 많은데 직원이 3 4명이라 관리가 잘 안 되는 것 같았어요,0
커피 양도 적은 것 같고,0
주말에 가니 사람 넘 많아서 매장 관리가 제대로 안 되는 것 같고,0
음료도 비싼 편...,0
여유 있게 커피 한 잔 할 수 있는 장소는 아닌 것 같습니다.,0
더워서 피신하러 갔는 데 매장이 너무 더웠어요..,0
본관은 에어컨도 안 켜져 있더라구요..,0
불친절한 곳!,0
구움과자 빵 종류 다 맛없음 커피는 먹을 만함,0
9/27 3시쯤 방문했는 데 메뉴 주문하는 데 어찌나 불친절한지 내 돈 주고 불쾌함을 샀네요,0
줄무늬 옷 머리 긴 여자 직원 진짜 싸가지 없음 맛도 없는 데 불친절해서 내가 다신 안 갈 것이,0
고도 크림 라떼 먹으러 갔지만 크림 품절로 플랫 화이트 먹었는 데 너무 산미가 강했어요. 담엔 크림 라떼 먹으러 가 보려고요,0
비싸고 양 작고.. 기대가 컸나 벼,0
낮에는 복잡하지만,0
하지만 파이가 넘 달아요,0
밖에 주차난을 볼 수 있어요,0
경주는 차 가지고 오면 안대요,0
정말 기분 나빠 리뷰를 안 쓸 수가 없네요,0
라스트 오더가 9시고,0
마감이 9시 30분이라고 공지하고 8시 반부터 손님 나가라고 매장 음악 끄고,0
난방 끄고,0
옆에서 빗자루질하니 너무 기분이 나빴어요 토요일 저녁 8시부터 그럴 꺼면 장사를 안 하시는 것이 좋겠어요,0
차라리 손님이 없어 오늘은 조금 빨리 마감을 하려한다 라고 이야기했으면 저희도 기분 좋게 나가려했었습니다,0
그런데 반대편 매장에도 벼 있는 데 저희 옆 자리부터 빗자루질하는 건 너무 기분 나쁜 행동이네요,0
알바생 교육을 다시 하시던지 사장님 지시라면 사업 마인드를 다시 고민해 보시는 것이 좋겠어요,0
음료는 맛이 너무 진해요.,0
그런데 저렇게 큰 빵.. 그것도 바삭바삭한 빵을.. 잘라 먹어야하는 데 저래 쪼맨한 접시 하나에 담아 주시는 쎈스 무엇인가요,0
직원 분들 존경스러울 정도로 친절하신 데 너무 바쁘다 보니 벌레로부터 빵 관리가 잘 안 됨...,0
음료도 좀 비싼 편..,0
소금 빵을 좋아해서 경주에서 나름 유명하다고 해서 사 봤는데 조금은 실망,0
그냥 모닝 빵 먹는 느낌이었음,0
아 커피는 맛없어여....,0
주말이라 자리는 하나도 없고 손님이 나가도 자리를 치워 주지 않아서 자리 주인이 있는지 그냥 두고 나간 거인지 알 수 없었어요,0
 밝은 소파와 좌석 때문에 지저분할 땐 티가 많이 나요.,0
종이컵이라 조금 아쉬웠어용,0
일 층 여자 화장실 어휴,0
오픈 되서 판매하기에 1 층 매장에서는 마스크 착용이 돼졌으면 좋겠습니다,0
소금 빵 종류가 많아서 놀랐으나 맛은 기대에 미치지 못 해 아쉬웠습니다,0
커피는 제 입에는 약간 연하네요.,0
녹차 맛을 좋아해서 기대하고 갔는데 그냥 특별할 것 없는 일반적인 녹차 라떼 맛이에요.,0
당도 절반으로 주문했는 데 하나도 안 달았어요..,0
녹차 덕후에겐 녹차 맛이 너무 약한 아이스크림이었습니다.. 연한 녹차 맛이에요.,0
첫 물 녹차도 물 한 가득에 티백 하나라서 그냥 녹차 씻은 물이었습니다,0
맨 아래 바닐라 아이스크림은 묽은 바닐라 맛이어서 말차를 섞어도 그닥이었어요,0
정말 사진용이고 저 말차 완전 좋아하는 데 맛은 없어요.,0
그냥 한 개 사서 사진만 찍으세요,0
아이스크림 말 차 라떼 먹으러 방문 맛은 말차 시럽이 아주 아주 듬뿍이라 많이 달아요.,0
당도 조절은 말차 라떼 B만 가능 그 외 베이스는 말차 라떼 A이라 무조건 사장님 마음,0
사장님 친절도 애매하고,0
접객 태도가 좀 아쉬움,0
사람 들어와도 걍 멀뚱,0
장사하시는 분은 매일 파는 똑같은 지겨운 메뉴일지 몰라도 방문하는 사람은 나름의 설렘과 즐거움을 안고 가는 데 그렇게나 답변해 주기 싫고 짜증 내며 말할 거면 이 일을 왜 하는지 모르겠다 짜증 남,0
말차 라떼는 아쉬워요,0
남자 직원 분 응대가 좀 아쉽지만 한 번쯤은 가도 좋을 것 같네요,0
아이스크림이 녹차 마루 맛이라 맛있는 데 응대가..,0
첨성대 쿠키는 사진 업로드용..  쿠키 맛은 없지만 의미 있고 재미있어요!,0
가격은 나가는 편,0
남자 직원? 진짜 불친절해요.,0
진짜 진짜 식어도 죤맛탱 근데 박스 포장을 봉투에 담으면 워낙 사람이 많은 곳이라 신경 써서 들어도 자꾸 엎어지는 것이 포장에 대해 고민을 해 보실 필요가 있을 듯 합니당,0
저번에 너무 맛있게 먹어서 네이버로 주문하고 받았는데 집에 와서 먹어 보니 탄 맛이 너무 심하네요,0
저번에는 이 정도로 탄 건 없었어요 그 때 사장님께 이거 너무 탄 거 아닌가요? 이랬더니 그건 탄 것이 아니라 뭐 이다,0
이렇게 말씀해 주셔서 그냥 먹었는데 오늘은 정말 당장 돌아 가서 환불받고 싶을 정도로 탄 맛이 너무 심해요,0
이 정도로 탄 에그타르트를 팔아도 괜찮은 거인가요,0
전 탄 건 안 팔아야한다고 생각합니다,0
사장님도 드셔 보시고 파시는 거 아닌가요?,0
지인에게 선물도 할려고 9개나 예약해서 샀는데 어떻게 먹어야할지 의문이네요,0
근데 열자마자 패키지하다 공하고 나온 종이 부스러기가 에그타르트 위에 있네요..별 탈은 없지만 그래서 음식인지라 좀 찜찜했어요.,0
대추차인데 찻잔이었으면 더 좋았을 거 같구요.,0
사람도 많고 주차도 힘들고...,0
포스 담당 알바생이 미숙함.,0
시럽 한 펌프당 가격을 500원씩 받으려고했었음.,0
커피 산미 없어요,0
온돌방은 단체 석이라 못쓰뮤,0
2 인이 먹기엔 양이 많아요,0
생레몬에이드 맛이 약해서 아쉬움이 크네요,0
직원분들이 무뚝뚝 하세요,0
직원 분들이 친절하지 않으시지만 ,0
음료는 비싼 편에 속하네요.,0
커피는 솔직히 비싸지만,0
가격이 깡패,0
작년에 제주도 왔을 뗀 너무 좋아서 여러 번 방문했었는데 올해는 너무 달라서 좀 실망했습니다..,0
1 층 좌석은 화장실 냄새가 너무 나서 먹다가 포장해서 나왔고,0
테이블도 너무 지저분하고,0
쓰레기도 많고..,0
전혀 관리가 안 되는 모습이네요..,0
사람 많고,0
주차 불편하고,0
음식 늦게 나오네요,0
커피 가격이 다른 카페들에 비해 비싼 것은 별로입니다,0
주차장은 좁아서 저 앞쪽에 주차하고 걸어왔어요.,0
주차는 아쉽지만 ,0
1 층에 화장실 냄새가 심해서 ,0
커피비싸요,0
다만 난방이 너무 가동 되서 머리가 많이 아팠어요.,0
 약간 아쉬워요,0
그리고 커피는 시고 비싸요,0
비행기가 위에서 계속 난다,0
근데 비싸요,0
너무 늦게 나와,0
커피 맛은 평범해서 아쉽네요.,0
음료와 디저트 가격대는 비싼 편이에요.,0
크로아상도 컷팅을 할려고 보는 데 저렇게 큰 나방이 있었어요,0
근데 벌래를 무서워하는 여자 3명이서 가서 그릇을 밑으로 갔다 주지도 못하고 그냥 포스에 가서 직원 분한테 이야기를 하고 같이 올라와서 벌래를 보더니 죄송하다는 한 마디 없이 퉁명스럽게 저희가 빵 옮길 때는 없었어요,0
가지고 가면서 날라 왔네요 이렇게만 이야기하고 저희 포크로 그냥 크로아상 찍어서 가져가셨어요,0
어떻게 저렇게 큰 나방이 우리한테 날라오면 당연히 보이고 피하는 데 그런 것도 없었고 계속 커피랑 빵만 보고 올라갔는데 저렇게 말씀하시니 대놓고 따지고 싶었어요,0
그래 놓고 그냥 크로아상 새로운 거로 새 거 가져왔습니다 하고 그냥 가시고 포크도 가져가셨으면서 가져오지도 않도 그래서 가지러 갔더니 아 포크 이러고 끝이고,0
디저트가 빨리 나가서 아쉬워요,0
4시 이전인데 디저트 남아 있는 것이 별로 없습니다.,0
불친절 남직원,0
카페 규모에 비하면 주차장은 협소합니다.,0
커피는 살짝 탄 맛 느껴져서 아쉽지만 ,0
다만 음료랑 디저트 가격이 좀 비싼 편입니당,0
개인적으로 조금 달다는 생각이 든다.,0
불친절해요,0
테이블이 더러워요,0
시끄러워요,0
직원이 무뚝뚝해요,0
불친절해요,0
화장실이 더러워요,0
아직 음식을 못 받았어요.,0
애플 망고 주스 가격이 사악하긴하지만 ,0
가격이 사악해요,0
가격이 비싸요,0
가격이 조금 비쌉니다,0
가격이 비싼편이에요,0
맛있지만 가격이 비싸 아쉽습니다.,0
비쌉니다.,0
가격대가 좀 나가는 곳이지만 ,0
비싸요,0
직원이 무뚝뚝해요,0
빵이 충격적으로 맛이없어서 놀랬습니다.,0
서비스가 아쉽습니다.,0
음료가 별로에요,0
가성비 없음,0
비싼편이에요,0
디저트가 맛이 없어요,0
가성비 없음,0
가성비 진짜 별로에요,0
 아쉬워요,0
사진과 달라요,0
너무 더워요,0
맛없어요,0
주차장이 좁아요,0
주차하기 힘들어요,0
자리가 불편해요,0
가성비 별로에요,0
유명한 이유를 모르겠어요,0
다들 먹지 마세요,0
양이 너무 적어요,0
회전율이 나쁘다,0
회전율이 나빠요,0
회전율이 별로에요,0
양이적어요,0
웨이팅이 길어요,0
의자가 불편해요,0
좌석이 적어요,0
테이블이 낮아서 불편해요,0
자리가 적어서 불편해요,0
맛없어요,0
줄 서서 먹을 만큼 맛있지 않아요,0
베이글 맛없어요,0
다음엔 안올래요,0
화장실이 더러워요,0
화장실이 별로에요,0
화장실이 냄새나요,0
포장하면 맛없어요,0
양이 적어요,0
양이 너무 적어요,0
직원 분들이 불친절하세요,0
재방문 의사 없습니다,0
직원이 불친절 해요 ㅠ,0
진짜 맛없어요,0
양이 너무 적어요,0
가성비 별로,0
다시는 안가고싶어요,0
카페 관리가 잘 안돼있어요,0
벌레가 있어요,0
테이블이 더러워요,0
생각보다 별로였어요,0
품절이 빨라요 ㅠ,0
빵이 다 맛없어요,0
별로에요,0
왜 유명한지 모르겠어요,0
매장이 너무 작아요,0
"별로,,,",0
청소가 안되어있어요,0
주차하기 힘들어요,0
음료가 적어요,0
맛이 별로에요,0
사진과 달라요,0
종류가 적어요,0
좌석이 적어요,0
좌석이 불편해요 ㅠ,0
연어 치킨 맛없어요,0
 별로에요,0
샌드위치 퍽퍽해요,0
직원분들이 너무 불친절 해서 기분이 나빠요,0
서비스가 별로,0
샌드위치는 빵이 살짝 질긴 감이 있어서 먹기 좀 불편했어요,0
양을 늘려주면 좋겠습니다,0
맛이 아쉬워요,0
다음은 없습니다,0
인기가 왜 많은지..,0
커피맛없어요,0
너무 불친절 해요,0
맛집인줄 알았는데 아니었어요,0
테이블이 너무 낮아요,0
유명한 이유를 모르겠어요,0
너무 비싸요 ㅠ,0
맛이 없는데 ㅠㅠ,0
직원분들도 정신없어 보여요 너무 바쁜듯,0
종류가 너무 적어요,0
멀리서 와서 먹을정도 아님,0
별로입니다,0
교통이 불편해요,0
너무 멀어요 ㅠ,0
주차가 힘들어요,0
주차하기가 너무 힘들어요,0
근데 샌드위치류는 베이글이 좀 딱딱해요.,0
양이  부족한 것 같아요,0
커피는 신거 같아요,0
별로입니당 자리 청소를 안해주세요,0
4시에 왔는데 플레인 베이글 앙버터 갈릭 어쩌구만 남음..,0
뷰만 예쁘고 다른건 별로,0
자리가 협소함,0
주차장이 좀 협소해여....,0
빵은 시키지 마세요,0
시그니처 메뉴는 맛은 없고 그냥 보기에만  좋아요.,0
보기에 좋은 메뉴인 것 같아요.,0
음료는 비싸지만,0
빵은 맛없어요.,0
비싸기만하고.,0
비싸요 ㅠ,0
양에 비해 비싼듯,0
소문만 한 뷰는 아니고,0
빵도 그냥 그냥,0
음료는 노멀 합니다.,0
한 번만 갈듯,0
근데 주차가 생각보단 좀 빡빡합니다..,0
빵도 음료도 별루.,0
오션뷰 아니면 안갈듯,0
그저 그럼,0
식사비 정도 나올만큼 비싸요,0
빵은 그냥 그럼.,0
커피도 음료도 빵도 별로 여서 아쉽네요,0
 여자 화장실 한 쪽 칸 문 잠그는 것이 고장 났음 문 잡고 있느라 꽤나 힘들었음…고쳐 주세요…..!! 고치는 데 얼마나 걸린다고…. 플리즈요,0
한라봉 빵은 부드럽지는 않네요.,0
가격은 만만하지 않지만,0
오션 뷰 창가 앞자리는 경쟁이 치열합니다.,0
만족도 최상의 커피 맛집,1
찐 커피 맛집,1
로마노 진짜 달달하고 맛있고,1
아이스크림 라떼도 꼬소하고 달달하고 진짜 맛있어요!!,1
마리토쪼도 크림 부드럽고,1
빵도 포실포실 재방문 의사 있어요,1
커조남 커피는 힐링입니다,1
소금 빵도 맛있어요,1
시나몬 롤 맛있어용,1
드립커피하면 커조남!,1
리필 커피가 맛있어서 괜춘,1
바로 앞 공영 주차장에 주차 가능,1
최애 커피집입니다,1
앞산에 있을 때부터 좋아하던 곳이라 계속 가게 되네요,1
크리스마스 페어에서도 로마노 한 잔,1
더웠는 데 시원하게 상큼하게 잘 마셨습니다,1
커피 맛집,1
커피 맛을 조금 아는 남자가 반갑게 맞아 주는 찐 커피 맛집!!,1
리모델링하고는 처음 가 봤는데 인테리어도 더 이쁘고,1
디저트도 많아진 거 같아서 좋아요!!,1
커피는 여전히 너무 맛있네요,1
로마노는 처음 마셔 봤는데 완전 신세계!!!,1
레몬 맛 크림에 에스프레소라니 완전 취저 당했어요,1
디카페인 라떼도 생각보다 맛있어서 충격적..,1
디카페인 맛있는 카페 없던데 여기는 찐이네요,1
커피도 맛나고,1
리필도 되니 늠 좋네요,1
주말마다 오는 커피집,1
커피가 너무 맛있어요.,1
디카페인 커피 원두 시음해 보고 맛있어서 구매했습니다,1
친구는 괜찮대요.,1
두 번째 방문입니다.,1
일부러 들렀어요.,1
전에 마셔 보지 못한 카페오레가 궁금해서요. 카페오레 온도가 참 좋아요. 부드러움도요. 소금 빵과 잘 어울리는 맛입니다.,1
커조남모르 시는 대구부인들 계신가용,1
동성로 점도 넘 좋았지만,1
본점은 정말 최고인 것 같아요,1
평일에도 항상 사람들 많고,1
직원 분들 모두 친절하시고,1
무엇보다 커피 맛 정말 최고에요!,1
디카페인 추가 금액 없는 곳 커조 남 뿐일 것 같아요!,1
그리고 리필된다는 점,1
진짜 넘 좋은 곳!,1
추천합니다!,1
카페오레 맛있습니다.,1
빵 종류는 오후에 나옵니다.,1
커피 너무 맛있어요!!,1
12시 오픈 때 가도 금새 사람들로 꽉 차서 카페 안이 말소리에 울려 대화가 안 될 정도였어요 만추의 끝 자락에 추운 겨울이 오면,1
굿 커피 맛 좋아요,1
빵이랑 음료 다 맛있었어요!,1
주문한 메뉴를 자리까지 가져다 주셔서 좋았어요!,1
디저트도 그렇고,1
커피가 정말 맛있어요.,1
친절하네요,1
징짜 너무 좋아요,1
퓨,1
커피가 맛있어요.,1
커피 맛 좋기로 유명해서 종종 와요,1
베이커리도 맛있고,1
커피도 맛나요,1
이야기 하기 좋은 룸도 있어요,1
친절,1
리모델링 되고 나서 더 멋뎌요,1
커피드립시켰더니 리필도 되구,1
커조남 굿 굿,1
로마노 향도 맛도 정말 최고인 듯!!!,1
본점 분위기도 좋고,1
야외 석도 많아 좋아요.,1
커조남 넘 좋아요!!!,1
태어나서 먹은 커피 중에 제일 맛있음 고급 진 맛 커피를 조금 아는 남자가 아닌 정도임,1
디져트맛나,1
커피 맛집,1
느리게 나오지만 맛있습니다,1
좋아요,1
카페 명칭에 걸맞는 커피와 원두들.,1
눈을 사로잡는 베이커리류까지 맛 좋은 커피를 즐기기에 더할 나위 없는 멋진 카페였습니다.,1
최애카페입니당,1
워낙 유명한 커피 집이라 엄청 기대하고 갔어요.,1
소문 이상으로 맛있습니다.,1
특히 상하 목장 우유로 만든 아이스크림 라떼가 정말 최고였어요.,1
에스프레소도 이제까지 대구에서 마셔 본 어떤에쏘보다 맛있었습니다.,1
일행 중 커피 못 마시는 사람은 청포도 생 과일 주스 마셨는데 너무 맛있다구 난리 남.,1
디저트 빵도 넘나 맛나서 일행 모두 대만족했네요.,1
날이 좋아 밖에서 마실 수 있었던 것도 너무 좋았어요.,1
핸드드립 커피도 맛있고,1
아이스크림도 넘 맛있었어요,1
우유마리토쪼 퀸아망 다 너무 너무 너무 맛있구요!!,1
커피 맛까지 좋으니까 디저트 더 더 더 더 맛있게 느껴지구요,1
시그니쳐 로마노도 한 번 꼭 드셔 보셔야해요!,1
여기 로마노 짱 맛있어용..!!,1
달달하면서 짭짤하면서 아 뭐라 표현을 못 하겠는데 강추 하는 메뉴,1
핸드드립 전문점이라 시간은 좀 걸리지만 원하는 원두로 맛있는 커피 마실 수 있는 곳이에요,1
좋아요,1
오랜만에 오니 더 분위기 좋고,1
커피는 여전히 맛있어서 기분 좋은 디저트 타임이였어요,1
커피가 맛있는 집입니다.,1
드립커피,1
커피가 맛있어 샌 단장했다길래 다시 방문..,1
친절하고,1
핸드드립 맛집 커조남!,1
일요일 오후 3시쯤 방문했는데 겨우 자리 앉았을 정도로 인기가 많았어요.,1
드립커피는 에티오피아 G1로 얼 그레이,1
살구,1
패션후르츠의 컵 노트였는데 에티오피아 원두치고 산미가 잘 안 느껴져서 의외였어요.,1
마리토쪼와 취향에 맞는 드립 커피를 추천 드립니다.,1
분위기가 너무 좋아요,1
음료도 이쁠뿐더러 맛있어요,1
다 필요 없고,1
붕어빵 꼭 드세요,1
도미빵 완전 맛있어요,1
속에 팥이랑 쑥떡 같은 것이 쫀득하게 씹혔어요,1
에 그 타르트 위에 조금만 덜 태웠음 더 맛있었을 것 같아요,1
카페 분위기 좋고,1
사진도 잘 나와요,1
디저트 맛집 오늘은 도미 쑥 빵 처음 맛봤는 데,1
찐,1
한 쫀득쫀득 찐 찹쌀 붕어빵이예요,1
아메리카도 넘 맛있고,1
분위기 깡패 천장 지구,1
와 분위기 진짜,1
예전 레트로 이미지와 클래식한 카페를 원한다면 추천,1
시멘트 커피 아나요,1
초등학교 시절 홍콩 영화 비디오 마지막 세대로서 자욱하고 붉은 분위기가 그때 생각 나게 하네요.,1
홍콩 근처 심천에 살았어서인지 그 때 생각도 나고요.,1
물론 이젠 예전 같은 홍콩은 아니겠지만.,1
커피 맛과 분위기 모두 좋아서 장국영님도 그립고,1
오래된 영화 속 오천 련님과 장만옥 배우님의 아련하고,1
고혹적인 눈빛을 찾아볼 것 같습니다.,1
만추와 어울리는.,1
분위기 있고,1
편안하고 맛있어요,1
특이하고 조용하고,1
크로플 되게 맛있었다.,1
식사하고,1
불빛이 아른해서 올라왔는 데,1
커피도 맛있고,1
에그크로와 상,1
도미쑥빵,1
붕어빵,1
진짜 너무 맛있어요,1
대박!!!,1
근처 오면 꼭 다시 와야 되는 곳인걸요,1
우연히 검색해서 들어갔는데 정말 개화기 시대 박물관을 다녀온 듯 인테리어도 예쁘고 좋아요!,1
그리고 시멘트 커피 위에 올려진 흑임자 아이스크림도 맛있음!!!,1
커피 못 드시는 분들은 백도 에이드 강추 합니다!!,1
진짜 너무 맛있어서 다음에 다른 미뉴들도 먹어 보고 샆어요!!,1
버터 커피가 소금 커피처럼 짭쪼름해서 맛있었어용,1
사장님도 친절하시고,1
매장 인테리어도 멋있어용,1
특별한 컨셉… 유덕화옵 빠가 생각나는 카페… 기대하지 않았는데,1
디저트 맛있어서 깜놀,1
매우 친절하세요,1
회사 근처라 종종 가야겠어,1
오,1
분위기가 너무 좋네요,1
레트로풍의 최고조네요신 메뉴 개발 중이라고 시식해 보라고 주셨어요,1
말차가 들은 붕어빵인 거 같은데 넘나 따끈따끈하니 맛있는 것… 가을 겨울 메뉴에 딱인 거 같아요!!,1
커피는 흑임자 라떼?,1
시켰는데 저 석상 모양 아이스가 너무 귀엽네요,1
우선 되게 외진 곳에 있는 데 분위기 너무 좋고,1
커피도 맛있어요!,1
분위기가 홍콩 영화 느낌 깡팹니다,1
꽤 넓고,1
주변도 조용하고,1
크로플이 진짜 맛있어요,1
정말 맛있음 시멘트 커피도 달고 고소하고 맛있어요,1
3 잔 마실 수 있는 맛.,1
홍콩 느낌인 듯엔 틱한 인테리어가 마음에 들어 갔는 데 크로플이랑 커피 마시러 가겠어요..,1
근데 사장님이 조만간 메뉴 갈아엎는 대요 크로플이랑 시멘트 남겨 두실 거죠.?,1
진짜 모든 걸 걸고,1
내 돈 내 산입니다,1
진짜 제 인생 역대 급 카페에요...,1
진짜 크로플 미쳤구요..,1
버터 무슨 음료 이것도 너무 맛있어요,1
하..,1
크로플이 진짜 미쳤습니다.,1
지금까지 제가 먹었던 크로플은 무엇이죠?,1
하,1
진짜 너무 분위기도 좋고 걍 너무 행복해요,1
홍콩 영화 무드 때문에 재방문했는데 알고 보니 여기 엄청난 크로플 맛집입니다,1
첫 방문 때 크로플을 안 시킨 내가 미워…,1
좋아요,1
카페 너무 좋아서 재방문했어요.,1
인테리어 정말 아름답구요,1
바닐라 라떼 맛있어요,1
2 층에 있어서 뭔가 아지트 같은 느낌이 들어요,1
화장실에 비누가 없어서 좀 아쉬워요.,1
이런 곳에 카페가 있나 하고 들어가니 숨겨진 보물 같은 인테리어가 반겨 주네요.,1
카페 너무 예쁘고,1
선곡도 너무 좋아요.,1
바닐라 라떼가 진짜입니다.,1
이 동네 흔하지 않은 을지로 무드,1
오지 마세요.,1
나만 알고 싶음,1
이용하기 편하고 저렴해용,1
커피 사장님 추천으로 우리는 해 목에서 밥 먹고 또 천장 지구 와서 바라 테이크 아웃을 했다,1
유튜브와 tv 뮤직비디오 나오고,1
분위기가 진짜 깡패,1
커피 맛 있고,1
분위기가 좋아요,1
올 때마다 바뀌는 인테리어..,1
이 곳에 변화는 늘 조화롭다,1
강남 여행 내 힐링 공간,1
쫌,1
맛있다,1
그냥 뭐,1
홍콩 분위기 넘 좋아요,1
분위기 정말 앤티크하고 멋지더라구요,1
생일 행사 때문에 들렀던 곳인데 당시 사장님 정말 고생 많으셨을 듯,1
따로 다시 가서 편하게 시간 보내고 싶은 곳이에요,1
너무 예쁘고 좋았어요,1
분위기 좋은 커피집,1
만족합니다,1
분위기 좋은 카페,1
조용하고,1
분위기 있는 곳을 찾다가 생각나서 오랜만에 들렸는데 사람이 아무도 없어 당황했지만 조용히 대화 나눌 수 있어 좋았어요,1
홍콩 영화 제목을 한 것 치고는 내부가 한 중일을 적절히 섞어 놓은 느낌인데 이것저것 보는 맛도 있고,1
분위기가 독특하면서도 묘하게 매력이 있어요,1
음료도 달달하면서도 너무 싸구려 맛이 아니라서 좋았어요!,1
분위기 갑 카페입니다,1
대박쓰 크로플도 맛있구 말쑥 라떼도 꿀맛,1
분위기 독특하고 멋져요,1
인테리어가 정말 경성 느낌 그대로 독특하고 예뻐요,1
펑리수랑 시멘트 커피도 맛있습니다,1
근데 내부가 별로 시원하지 않았어요,1
시멘트 커피 맛나요,1
흑임자 참기름 우유 미숫가루 커피 건강해지는 맛,1
예쁜 인테리어 귀여운 강아지 맛있는 음료,1
뮤직비디오 분위기 보고 찾아갔는데 너무 좋았어요.,1
핸드드립 내려 주시는 정성,1
친절 커피 맛있게 먹고 갑니다,1
무심코 들른 카페에서 친절한 사장님이 만들어 주기는 맛있는 커피 마시고 갑니다.,1
드립커피가 너무 맛있어서 원두 뭐 쓰시냐고 여쭤 봤는데 정신을 차리고 보니 드립 커피 강좌를 해 주고 계셨어요!,1
너무 감사했습니다.,1
베이커리도 직접 만드시는 거 같은데 집사람이 매우 좋아라 합니다.,1
커피 맛도 좋은데,1
분위기도 좋아요,1
가끔 갈 때마다 사장님께서 친절하게 응대해 주시고,1
커피에 대한 설명도 친절하게해 주세요!!,1
데이 식스 이븐 오브 데이 인트로 필름 촬영지라서 갔다 왔어여,1
좋았어요!,1
몽블랑 맛있네요!!,1
좋아용,1
노티드는 사랑입니다,1
먹기 힘들 정도로 우유 크림이 가득했지만,1
카야버터는 생각보다 카야맛이 잘 안었습니다,1
바닐라 도넛 맛있,1
다행이도 자리가 있어서 먹고,1
가용 인테리어 이뻐요,1
늘 케잌과 도넛 맛있게 먹고 있어요,1
늘 친절한 멘트,1
영혼 없는 눈빛,1
공격적 말투 한결같은 직원들은 너무 바빠서 그런 거겠죠?,1
귀엽고,1
쪼꼬푸딩 도넛 얼마나 맛 있께요,1
내사랑노티드,1
goooood,1
곰돌이 케이크,1
오랜만에 먹어 본 노티드 여전히 맛있네요,1
디저트가 너무 귀여워요,1
웨이팅은 여전히 있는 편,1
크리미 인형도 빨리 팔아 주세용,1
웨이팅 없이 구입 완.,1
진짜 맛있고,1
뻔한 도넛이 아니라 좋음.,1
역세권임.,1
도넛이 유명한 노티드지만,1
크로플이랑 페이 글도 맛있네요!!!,1
망고 스마일 케잌 맛있었어요,1
직원이 좀 이상함,1
도넛 정말 이쁘고 맛나요,1
노티드는 사랑 이죠!!,1
와 사람 진짜 많더라구요,1
포장 손님은 너무 많아요,1
깜짝 놀랐네요,1
애플 캐모마일 티 맛있어요 자리 잡고 드실 꺼면 2 층 가서 자리 잡고,1
오 더 하면 돼요,1
직원 분들이 친절하고,1
도넛 너무 맛있어요!,1
케잌들이 정말 너무 귀여워요,1
크랙 치즈볼과 버터밀크 스콘 맛나요,1
크리스마스트리 모양의 와인 병 넘 예뻐서 한 병 구입했어요,1
내부 인테리어도 노랑 노랑 예쁘네요,1
퓨전하고 다양하고,1
맛이 있는 곳 와인도 좋아요,1
맨날 커피만 먹다가 도넛은 처음 먹는 데 맛있엇 움,1
맛있어용 신메뉴,1
신상 먹으러 갔는 데 솔드아눗 하나,1
귀여워,1
할머니가 노티드꺼를 너무 좋아하세요,1
많이 단 편인데도 조금씩 먹으면 맛있어요,1
여전히 맛 잇습니다,1
케익 종류가 많아서 좋아요,1
가게가 진짜 아기자기하고 이뻐요!,1
크림 도넛 맛있어요!,1
청담 노티드는 첨 가 봤는데 좋았어요!!,1
유명세에 비해 특별할 것 없는 맛 오래 기다려서 샀으면 좀 억울할 뻔했다,1
요새는 이 정도 하는 도넛 집은 널리고 널렸으니까..,1
커피 향이 좋아요,1
다양한 음료가 맛있어요.,1
친구들이랑 즐 건 시간 보냈어요,1
좋아요,1
포장 손님 엄청 많아요,1
몇 분 기다려서 픽업했어요,1
맛있어서 기다릴 만해요,1
매장이 여기저기 많이 생겨서 그런지 웨이팅 많이 없어져서 너무 좋아용,1
맛 잇어요,1
기대 안 했는데 진짜 맛있어요,1
존맛탱 구리,1
종류가 많아서 고르기 힘들었다...,1
역시 달달하고 맛있다,1
잘 먹었습니다.,1
맛있어요 평일 퇴근 후 가도 디저트 종류가 어마어마하네요,1
평일에도 줄이 길어요,1
#라이스치즈소금빵 메뉴 네임 그대로 위에 토핑 부분 바삭하고,1
생각보다 소금 빵 맛있어요,1
도넛과 케이크 사러 가끔 옵니다,1
가끔씩 당 충전으로 먹고 싶어요!,1
인테리어 너무 이쁨 내가 옛날로 돌아간 느낌,1
넓고,1
조아요,1
맛 잇어요,1
분위기가 너무 좋은 곳이네요!!,1
맛도 있고 정말 최고였습니다,1
넓고,1
인테리어가 귀여워요,1
레트로 한 디저트가 많아요,1
깨끗하고,1
매장 넓우요,1
음료가 맛있습니다.,1
주말이고 엄청 바쁜데 직원이 둘뿐이라 진짜 허덕이시더라는,1
안쓰럽 주문하는 데도 기다려야하고,1
난리 난리,1
맛있어여,1
강남 특별한 다방 특별한 메뉴,1
평화 다방 명칭 때문에 갔는데 인테리어 깔끔하고,1
좌석도 편해요,1
화장실도 깨끗하고,1
대화하기 편했어요,1
조 아요,1
커피가 맛있어요,1
메뉴가 신기한 것이 많아서 좋아요,1
굳굳굳,1
아메리카노 맛있어요,1
젊은 사람들이 많은 커피숍,1
매장 안이 후끈하네요,1
알바생이 친절하고,1
분위기 좋은데,1
조명이 넘 밝아서 분위기랑 좀 안 어울려요,1
음료는 강남 다른 곳에 비해 저렴하고,1
양 많음,1
미숫가루 맛있는 거 같아요,1
다른 곳보다 조용하니 시간 보내기도 좋습니다!,1
좋아요!,1
분위기도 좋아요!,1
여자 알바생 분이 좀 불친절하더라고요...,1
그래도 음식은 맛있었습니다,1
카페 내부가 넓고,1
좌석도 많아서 좋아요!,1
메뉴도 다양하고 비싸지도 않고,1
가성비 좋은 것 같아요!,1
맛있었어요!,1
사람이 너무 많아서 오래 기다렸엉,1
다방 컨셉의 카페라서 엄마가 엄청 좋아하셨어요,1
좋아요,1
옛날 갬성 좋아요,1
너무 맛있어서 다 마시고,1
사진 안 찍은 것이 생각났어요,1
좋아요,1
잼 있었어요,1
율무차 짱,1
굳,1
맛있었어요,1
달아요,1
굳,1
맛 잇어요,1
아메,1
평화 다방 와 보고 싶었는 데 가성비 괜찮네여,1
특히 디저트 가성비 최고!!,1
저는 다음에 재방문 의사 있습니다,1
좋아요,1
쑥쑥 라떼 쑥 향 좋아여 더 진했으면 좋겠어요,1
굳,1
인절미 떡 꼬치 맛있고,1
분위기도 좋아요,1
강남 가면 꼭 가는 곳,1
쌍화차 맛있대요,1
좋아욤,1
인테리어가 컨셉에 맞게 신경 많이 쓴 느낌 자리는 불편 소리가 울리는 편,1
분위기 귀여워요,1
커피 맛집,1
리모델링해서 더 쾌적해졌어요,1
커피 가성비 좋은 거 같아요,1
나른한 오후에 아이스 라떼 좋아요,1
점심 식사 후 시원한 아아 꿀 맛이지요,1
커피가 맛있어요,1
친절하고,1
아이스크림 맛있어요,1
넓고 깨끗하고 좋아요!,1
커피도 맛있습니다.,1
커피도 맛있어요.,1
다음에는 케익도 먹어 볼까 합니다.,1
커피 값 싸고 맛있네요,1
커피도 맛있고,1
여럿이 편하게 얘기하기 좋아요.,1
커피값 상대적으로 저렴하고,1
매장,1
화장실도 깨끗해요.,1
따땃한 생강차,1
매장이 넓고,1
음료도 저렴해요.,1
음료가 맛있었고,1
직원 분이 친절하세요,1
불친절해요,1
자리는 좋은데,1
음료는 파우더 맛이 많이 났어요,1
점심에 자주 방문해요,1
콩고물 팥빙수 맛있어요,1
이화수 육개장 먹고,1
음료 할인 받았어요,1
좋아요,1
좋아요,1
커피 맛 좋아요,1
까페라테가 맛있어요,1
수다 떨기 좋아요,1
Good,1
좋아요,1
좋아요,1
좋아요,1
좋아요,1
좋아요,1
좋아요,1
좋아요,1
좋아요,1
할인이 돼서 좋아요,1
달고나 라떼도 맘에 들어요,1
좋아요,1
작지 않고 크지 않은 카페,1
좋아요,1
좋아요,1
좋아요,1
할인도,1
되고 좋아요,1
사장님이 친절하세요,1
신속하게 나와요,1
좋아요,1
분위기 좋는데요,1
방배역 언덕 위 카페,1
스콘 살짝 촉촉..,1
플랫 화 아트는 구 냥 아이스 라떼네요,1
커피 맛 있어요,1
해가 참 잘 드는 카페 커피도 너무 맛있고,1
분위기 좋아요,1
직접 로스팅해서 원두 선택 가능하고,1
싱글 오리진도 다양하게 보유하고 있어요,1
오랜만에 갔는데도 여전히 커피 맛집,1
항상 커피 맛있고 좋은 공간 감사합니다.,1
오랜만에 가도 늘 친절하고,1
라떼가 맛있는 매장이에요,1
아이스 라떼 고소하고 맛있어요!,1
라떼가 맛있어용,1
매일 가도 좋은 곳이에요,1
라떼가 맛있는 매장이에요,1
드립백 만드셨다고 선물로 먹어 보라고 2개 주셔서 기분 좋은 날이였어요.,1
항상 친절하고 상냥하신 사장님 덕분에 맛있고 좋은 드립백도 지인 선물하려고 구입해 왔어요.,1
오늘 라떼도 넘 맛나게 잘 먹고 왔어요,1
라떼 아트를 너무 이쁘게 해 주셔서 항상 감동이에요,1
커피 고소하고 맛있어요!,1
매장 분위기가 너무 좋아요!,1
무엇보다 사장님이 넘 친절하세요,1
또 방문할게요!,1
라떼 아트가 이쁜 단골 카페에요.,1
하루에 힐링하는 장소에요,1
제가 가장 사랑하는 카페에요,1
라떼 아트를 너무 이쁘게 해 주셔서 기분 전환으로 최고인 곳이에요,1
스콘도 직접 만들어 판매하셔서 고소하고 맛있어요,1
라떼 아트가 사랑스러운 곳이에요,1
커피 넘 맛있고,1
저만의 힐링 장소에요,1
라떼 아트 예술이에요,1
카페 분위기 너무 좋아요,1
라떼랑 스콘 설명 필요 없는 맛,1
사랑,1
요 upset 또 올게요,1
분위기도 너무 좋고 차분하게 이야기하기 좋은 장소.,1
스콘이랑 커피도 너무 맛있음.,1
너무 진짜 정말 맛있어요!!!,1
차도 맛보라구 주셨는 데 차도 취향저격,1
카페 이름이 업 셋?,1
방배 골목 지나가다 눈에 띄어 들어갔는데 와!,1
완전 보석을 발견한 기분!,1
코코넛이 들어갔다는 업셋 라떼.,1
갠적으로 코코넛 그닥인데 이건 엄청 호!,1
이거 뭐지?,1
하면서 꿀떡 마심.,1
크럼블도 라즈베리 듬뿍인데 달지 않고 하..,1
결국 드립 커피 추가 주문,1
홍차 맛 나는 에티오피아 원두인데 흔하지 않은 고급 원두라 입 안에서 향이 팡팡 터지는 니낌.,1
다시 올 거 같다 재방문 의사 200,1
굳!!,1
온두라스 굿,1
에티오피아 쉬파로우 단맛 중심에 약간에 딸기 뉘양스가 있는 것 같아요,1
너무 맛있어요,1
드립커피랑 꾸덕꾸덕 브라우니 존 맛이구요..,1
분명 카페인데 디퓨저를 좋은 거 쓰시는지,1
카페에서 향기가 나네요,1
청소도 맨날 하시는지,1
엄청 깔끔 집 주변에 있었으면 자주 갈 터인데,1
분위기 좋은 커피 맛집!!!!!!!,1
좋아요,1
커피 맛이 좋아요!,1
굳!!!,1
조용한 분위기 좋아하면 추천 업 셋 라떼 크럼블 맛있어요,1
코코넛 라떼 달달하고 맛나요!,1
오픈 한 지 얼마 안 된 곳인데,1
커피가 너무 맛있어서 자주 가고 있어요,1
요즘 재택근무로 매일 방문 중!!,1
앞으로도 기대할게요,1
라떼 맛집!,1
바닐라 라떼 마시고 싶어서 배달 주문,1
넘 맛있어용,1
와플도 맛나요!,1
음료 맛 잇네요,1
좋아여,1
공부하기 좋아요,1
음료랑 디저트도 맛있어요,1
맛은 쏘쏘 매장 분위기는 좋아요,1
딸기 요거트 스무디랑 레몬 망고 블랙 티 완전 맛있어요!!!,1
강추입니다,1
집중하기 좋습니다,1
관악 근처 카페 어디 갈까 하다가 로고도 특이하고 뭔가 있는 카페인 거 같아서 방문,1
작업할 때 종종 방문하는 데 좋아요,1
넓고,1
노트북,1
공부하기 좋아요.,1
근데 사람도 많아서 자리 잡기 좀 힘들어요!,1
지하는 찐 공부하는 분위기라 조용하고 1 층은 그래도 편한 분위기에요,1
흑임자 라떼 추천받아 갔는데 너무 맛있었어요!!,1
갠적으로 아인슈페너로 유명한,1
보다 맛있었어요,1
1 층은 이야기 나누기 좋고,1
지하는 또 콘센트도 많고,1
개인 시간도 보낼 수 있는 공간이라서 다음에 책 읽을 때 또 와야지 싶어요!,1
한적한 곳에 위치해서 머물고 가기 좋은 카페에요.,1
공부하기 좋아요,1
조용해요,1
테이크아웃 애용 중입니다!!,1
퍼플이 맛있어용,1
굳뜨,1
테이크아웃 이용 시 아아 저렴해서 조아용,1
좋아요.,1
쾌적,1
집 근처 괜찮은 카페,1
바닐라 라떼는 찐하고 달달한 편입니당!!,1
아인슈페너 맛집이라 듣고,1
방문했는 데 역시 맛있네요.,1
분위기 좋고,1
깔끔해요,1
굳,1
흑임자 라떼 고소하고 맛있어요,1
테라스,1
실내,1
지하 공간까지 있어서 얘기하기도 공부하기도 좋아요,1
맛있어용,1
바닐라 향이 진해요,1
음료랑 디저트 다 맛있고,1
스터디 하기 좋아요,1
커피도 맛있고,1
디저트도 맛있었어요,1
학생들이 많아서 눈치 안 보고,1
공부하기도 좋을 거 같아요,1
날씨가 따뜻해져서 폴딩창?,1
을 통째 다 열 수 있어 좋고..,1
좋은 음악이 항상 나옵니다,1
흑임자 라떼 맛 나요,1
흑임자 라떼 진짜 맛있어요,1
가끔 흑임자 라떼 먹으러 옵니다,1
이번에 딸기 라떼랑 오레오 치즈케이크도 도전해 봤는데 맛있네용,1
알바 분들도 진짜 친절하셔요,1
1 층은 밖에 테라스 자리도 있고,1
야자수 인테리어 덕분에 시원한 휴양지,1
느낌이라면 지하는 조용하고 따뜻한 분위기에 카 공하기 좋은 공간이네요!,1
잘 쉬고 놀다 갑니다!,1
동네 카페인데 주민들이 좋아하는 카페라 사람이 많아요!,1
1 층은 대화지 하는 개인 볼 일!,1
하기 좋은 곳입니다!,1
그리고 흑임자 크림 라떼 너무 고소하고 맛있었어요!!,1
낮에 앉아서 여유 즐기며 커피 마시기 좋은 미유 커피.,1
공부하거나 집중할 일 있으면 이 카페 추천.,1
커피와 디저트가 맛있는 미유 커피,1
딸기에 이드,1
책 읽거나 공부하기 좋은 카페라고 들어 갔는데 커피 맛이 넘 좋아요,1
얼 그레이 케이크도 jmt에 용 블랙 티도 맛있음,1
콘센트 꽂을 수 있는 곳이 여러 군데 있어서 노트북 사용하기 편한 카페였습니다,1
잔잔하게 재즈 음악도 나와서 좋았어요,1
공부하기 좋고,1
음료 디저트 맛있어요,1
자리도 많아서 좋아요,1
바닐라 라떼 레몬 망고 블랙 티 케이크 다 맛있어요.,1
콘센트 있는 카페!,1
지하도 넓고,1
집중하기 좋은 분위기예요.,1
무엇보다 얼 그레이 초코 케이크가 맛있네요,1
티백은 트와닝!,1
그냥 공간만 좋은 곳이 아니라 음료와 디저트까지 신경 쓴 디저트 카페네요,1
커피도 너무 맛있고,1
케이크 진짜 짱 맛나요,1
완전 강추,1
카페 분위기 좋아 유 인스타 감성,1
딸기 라떼도 맛있네 유,1
매장 분위기 좋으면서 넓고 쾌적해요,1
자몽허니블랙티 넘 맛있고!!,1
자주 오려구요,1
추운 날에는 따뜻한 아메리카노로 꽁꽁 언 몸을 녹일 수 있지요.,1
이곳은 가성비 좋고,1
커피 맛도 예전보다 많이 좋아졌어요.,1
열 번 먹으면 한번 공짜입니다,1
좋아요,1
좋아요,1
딥 라떼 진짜 존 맛,1
커피 맛 있어요,1
친절하고,1
커피 맛있어요,1
가성비 좋고 맛있어요,1
바닐라 맛있어요.,1
친절하고,1
커피 맛있어요,1
커피 맛있고,1
친절해요,1
항상 친절하고,1
커피 맛있어요,1
친절하고,1
커피 맛있어요,1
항상 친절하고,1
커피 맛있어요,1
맛나요,1
커피도 맛있고,1
친절해요,1
그냥 그 값하는 커피,1
우연찮게 발견한 카페였는데,1
아메리카노가 2천 원이고,1
카페 라떼가 3천 원인 혜자 카페였어요!,1
커피도 맛있었는 데 대용량이라서 진짜 하루 종일 먹었네요,1
싸고 맛있어요,1
완전 싸구 맛나용,1
가성비 좋고,1
양도 많고 맛있고,1
친절해요,1
커피도 맛있고,1
양도 많고,1
친절해요,1
맛있고 저렴하고 좋네요,1
숙성 라떼 고소하고 맛있습니다,1
딥 카페라때 마셨는데 너무 맛있어요,1
조아조아요,1
왜 우지 커피 우지 커피 하는 지 알게 됐습니다.,1
달달하니 취저입니다.,1
가끔 이용하는 데 괜찮은 테이크 아웃 점입니다,1
가끔 커피 맛이 나쁠 때도 있지만,1
최근에는 개선된 것 같아요.,1
커피는 산미가 생명인데 최근에는 신선한 커피 원두를 갈아 쓰는 것 같아요,1
최근에는 커피 맛이 돌아왔네요.,1
커피 맛 괜찮아요,1
딥 카페 라떼가 처음 사 먹을 땐 맛있었는데 점점 맛이 아쉬워지네요,1
마음에 들어요,1
커피 맛집!!!,1
맛있게 잘 먹었어요,1
딥 카페 라떼 짱 맛있어요,1
좋아요,1
테이크아웃만 가능,1
초반만큼은 아니더라도 우지 커피 맛 잇어요,1
맛잇어요 양 많아요,1
조아용,1
가성비 카페 중에 최애입니다.,1
커피,1
논 커피 메뉴 다양하고,1
뭘 시켜도 실패한 적 없지만,1
숙성 우유로 만든 딥 카페 라떼 특히 맛있습니다.,1
가성비 좋아요,1
여기에서는 피넛 라떼만 마셔요.,1
시그니처 메뉴기도 한대요.,1
스벅 돌체 라떼,1
바닐라 라떼보다 제 입맛에는 맛더라고요.,1
양도 딱 먹기 좋은 스몰 사이즈기도하고요.,1
앉아서 마실 수는 없어서 불편해요.,1
좋아요,1
가격 대비 좋아요,1
맛나네요,1
연유 큐브 라떼,1
사이즈 왕 크네요,1
숙성 우유로 딥 카페 라떼 먹었는데 고소하고 맛있어요,1
너무 좋아요,1
미국 레트로 감성이 충만한 오브제와 인테리어,1
아웃테리어,1
시크 한 스탭 대응과 적절한 우드톤의 분위기.,1
대화하기 좋은 곳에서 적절한 가격의 음료와 친한 녀석들과의 추억은 올해를 마무리하는 만남으론 최고였구나.,1
분위기도 좋고,1
라떼도 맛있어요,1
아인슈페너 너무 맛있게 먹었어요!,1
크림이랑 커피 조화가 너무 좋았어요,1
갈 만은해요,2
11월,2
뇨 퓨,2
#방배카페 #플랫화이트 #아이스카페라떼,2
냠냠,2
꺄앗,2
비싼 거 같지만 싼 거 같고 싼 거 같지만 비싼 거 같음,2
O,2
"말차 라떼(7,000원), 카페 라떼(6,500원), 오레오크로플(6,000원)",2
와 크로플 왕 달다,2
뽀또 라떼,2
마운틴뷰 별관 2 층.,2
5 자리 선착순입니다.,2
대규모 정원 카페인데 가창 신상 카페.,2
가창 마운틴뷰 카페 서둘러 가시고,2
베이케리는 제빵 실에서 굽는 듯 합니다,2
날이 추워져서 밖에 앉지 못 해 아쉬웠어요.,2
빵만 보이면 먹고 싶어지는 이유....,2
는 뭘까요?,2
빵 다 먹었어요,2
가을이라 낙엽이 다 떨어졌지만,2
가창 카페..,2
신상 카페,2
마운틴뷰.,2
주리 485 까페,2
넓은 야외 석이 있어서 좋았음 근데 바람 부니까 2 층 파라솔 넘어가고...,2
커피는 향과 첫 모금이 중요하죠,2
이 집 커피,2
너,2
오픈한 지 3주 됐다네요.,2
주문,2
가창 밥을 짓다에서 점 저 먹고,2
근처 카페 검색해서 왔어요,2
11월인데도 날벌레가 많아 야외에 앉을 시 음료나 음식에 들어갈 수 있으니 조심할 것.,2
음료 가격이 비싼 편인데 뷰가 너무 좋고,2
근래에 새로 오픈 한 가창의 주리 485 카페입니다.,2
캠핑 장도 생길 듯 여기저기 아직 공사 중인 듯했습니다.,2
엄청 넓은 대지에 야외 좌석도 많았지만,2
가창 신상 카페.,2
특히 쪽파 크림 치즈?,2
이 층,2
상단에 닉네임을 누르고,2
팔로우를 하시면 더 다양한 맛집 정보를 얻을 수 있어요,2
커피,2
바람 불고 추운 날씨가 미워지네요..,2
바게트,2
스프레드 2 종 중 스프레드 깻잎 버터,2
살짝 추웠는 데 담요 덮고 있으니까 참을 만 했어요,2
토마토 토 스프가 첫 맛이 새콤하고,2
끝 맛은 매콤하네요,2
주말에 갔는데 사람 엄청 많네요!,2
대기했다가 주차해 보기는 처음이에요,2
주말이라 자리 잡기 힘든거닽아효,2
커피 노 맛이에요,2
그치만 점심시간 지나면 자리가 없을 수도,2
신상 카페답게 주말에는 사람이 많아요.,2
커피가 맛있는 데 가격이 좀 비싸지만,2
커피도 맛있는 데 냄새 관리 좀 해야겠어요,2
주차공간이 넓지만,2
커피 맛 있구 디저트도 맛있는 데 가격이 쪼오금..,2
오픈하고,2
"핸드드립으로 커피는 6,500원 정도가 기본이예용",2
사람도 그만큼 많았고,2
으로 라떼랑 콩가 g1,2
아메,2
군,2
카페!!,2
며칠 사이.,2
바람 불어 나무 단풍은 떨어지고,2
산은 더 알록달록,2
만 평의 큰 대지에 캠핑 카 활용 카페 루프 탑 뷰는 오퐁 쪽으로 보면 근사해요 다소 아쉬운 점은 게이샤 커피 맛 음,2
오후 시간 대오니 빵이 없어요,2
티맵에 주리 485 쳐서 오는 것보다 네이버에서 바로 네비 찍고 오는 것이 나을 것 같아요.,2
돌아 나와서 다시 찾았네요,2
주말은 피해서요.,2
음료 가격만 착하면 최고일 듯,2
몇 년 전 첫 방문 시 불쾌함으로 주문도 못 하고 안 가다 이번에 가게 됨.,2
카페 외에도 티 룸 다이닝스테이를 운영하고 있다고 하네요.,2
평일 오후에 방문했는 데도 손님이 굉장히 많았어요.,2
주문을 받는 본관 건물 외에 별관이 두 개 더 있구요.,2
야외 곳곳에 공간이 많습니다.,2
계단 위 언덕에도 자리가 있어요.,2
구,2
오랜만의 방문,2
오늘 커피는 원두가 별로인지 그닥이네요,2
커피랑 주스,2
2 층에서 8 테이블만 기차서 빙 되니 참고하고,2
기차 테이블 만석일 때는 별도의 웨이팅 벨 있으니 카운터에 말씀 드려야 되요.,2
일단 딸기 스무디,2
요거트 스무디,2
기차가 음료를 싣고,2
배달해 주는 시스템이라서 아이들 데리고 오는 손님들이 대부분입니다,2
오르막길 올라가는 제일 초입에 있어서 빨리 내려옴,2
기차 카페 아이 동반 카페라고 얕잡아 봤는데,2
음료는 저는 케일 사과 쥬스 마셨는데,2
소개해 준 친구 인싸됨.,2
애나 어른이나 기차만 다니면 다들 폰 들고,2
사진 찍고.,2
네이처 파크 왔다가 돌 짜장 먹고,2
기차 카페가 근처길래 와 봤어요.,2
사람이 별로 없어서 기차 운행을 저희 꺼밖에 못 봤어요.,2
사람 없을 때 가끔 서비스로 음료 없이 운행해 주면 좋겠어요.,2
기차 석은 웨이팅이 좀 있어요,2
기차가 배달해 주는 테이블 8개 있음 대기 번호 받고 기다렸음 기차가 배달 할 때 잠깐의 즐거움 그왼 쏘쏘,2
밖에도 흔들의자가 있고,2
디저트 빵,2
기차가 보고 싶다 해서 7세 아이 델꼬 왔어요.,2
야외도 좋은 데 목적이 기차어서...,2
기차가 배달 와요,2
가까우면 자주 올 터인데 멀어서 아쉬워요.,2
오늘 웨이팅이 좀 있네용,2
국,2
창 열임,2
기장,2
쪼끔 추운 겨울은 피하세요,2
오랜만에 웨이브 온,2
언니가 부산에서 젤 뷰 좋은 카페라며 데려온 웨이브 온,2
시그니처 케잌은 보는 것으로 만족 맛까지 좋았으면 참 좋았을 꺼입니다,2
사람이 많아요,2
3 층 뷰입니다.,2
사람이 너무 많아요.,2
카페는 주문 먼저 해야 입장 가능하고 잠시 나갔다 들어올 때도 영수증 확인합니다.,2
추운 날엔 실내 좌석으론 부족할 터인데 어떻게 운영하시나 모르겠네요.,2
티라미수만 포장해 왔어요!,2
더무빙 카라 반 이용해서 들렀는 데 1 인 1 음료라 그냥 간단하게 디저트류!,2
늦게 가니까 시그니처 메뉴는 다 팔렸더라구요,2
가격은 정말 놀랍도록 비싸지만 뷰값이라 생각합니다,2
몽블랑 대존맛 통밀 라떼도 존 맛 음료 양은 적어요,2
주말에는 무조건 오픈 런하세요,2
커피나 케익 모두 맛은 쏘쏘해요.,2
예약을 해야 됨,2
대형 카페라는 건 알고 갔는 데 모든 곳이다,2
포토스팟에용 주차공간도 넉넉하고 모든 직원 분들이 바빠서 지쳐 보이지만,2
서울 서 놀러 온 친구에게 시그니쳐 이쁜 왕 진주 가리비 케잌 사 주고 싶었는 데 오후 3시쯤 오니까 솔드 아웃이라 엄청 아쉬워용,2
기장에서 젤 유명한 ?듯 한 웨이브 온 오픈 시간에 맞춰 간다고 했는데 좀 늦어져서 10시 25분 쯤? 도착.,2
부지런한 분들 많으시다,2
이미 그늘이 잘 드는 바깥쪽 자리는 만석 그래도 밖에 남은 자리가 많았는데 해가 바로 내리쬐는 자리라 실내 2 층 테라스 석에 자리를 잡았다,2
사람 너무 많아서 웨이브 온 옆 별채 이용했어요.,2
강아지가 있어서 별관으로 왔어요,2
별 관은 통 유리창에 바닷바람은 안 들어오고 조금 덥지만,2
바닐라 라떼 진짜 달더라구용,2
참 방문하기 어려운 곳,2
뷰,2
커피 사진은 깜빡했네요.,2
그래서 건물 사진만 올려요.,2
자리가 많아서 사람이 많아도 회전율이 빠르네요,2
자리 잡기가 진짜 힘들지만,2
부산 핫플 카페라고 설레임으로 방문한 웨이브 온 선 주문 결제 후 카페 안으로 입장이 가능한 곳이예요.,2
아메리카노 먹지 말고 무조건 브루잉커피 드세요!,2
진심 찐후기임,2
주말에 사람 많은 웨이브 온 평일 오후 4시가 넘어 왔는데도 주차장이 꽉 찼네요,2
직원 안내에 따라 음료 주문을 했고,2
가격은 평균6-7 천 원대입니다,2
요청하면 사진과 같은 별채로 이동할 수 있어요,2
사람 엄청 많아서,2
좀,2
집입로가 1 차선이고 구불구불 하지만 막상 들어서면 손님이 바글바글.,2
남자 화장실은 2 층,2
사람 너무 많아요,2
원전이 보여요,2
사람 구경 잘 하구 왔네요,2
조용한 날 가세용,2
주말에는 피하세요,2
모양을 못 이길 거라 생각했는 데아니였어요,2
바다 보러 오는 거죠,2
뷰는 좋은 대 사람이 너무 많네요,2
그런데 많이 추워요,2
무한 반복,2
지인의 있어서 갔습니다.,2
커피 빵은 그럭저럭.,2
주말 방문이라 엄청 사람 많아서 정신 없었지만,2
디저트는 좀 비싸지만 맛이 뛰어납니다,2
커피랑 음료 맛은 쏘쏘했어요!,2
저녁에 갔는데도 사람은 많았어요,2
주말 2시 쯤 갔는 데 주차장에 차가 만 차였습니다 몇 바퀴 돌다가 겨우 들어갔어요..!!,2
안에 사람두 많구 좌석이 많진 않았습니다!,2
청귤티가 엄청 맛이 진해서 맛있고 저는 괜찮았는데 부모님은 좀 달다고 하셨어요!!,2
빵도 먹어 보고 싶었지만 배불러서 못 먹어서 아쉬웟어요,2
그 공간에 좌석을 더 놨을 수도 있는 데...,2
커피,2
사람 많이 오는 것이 함정,2
주차 자리 공간은 없었지만,2
견과 듬뿍이 먹고 싶어 갔는 데 없네요,2
다음엔 좀 더 일찍 가 봐야겠어요,2
부산 명물 파이만쥬 아침 밥 대신 호로록 가격 대비 무난,2
생크림은 동생이 먹어서 모르겠구요,2
아빠 단팥빵,2
선물하기죠음 소보로 같으면서 안에 팥과 이것저것 들어감 콘은 맛이 별루,2
초량역 근처 명성 있는 빵집인 것 같아 들렸어요.,2
대표 시그니처 메뉴들이 있었구요,2
그 중에 도나스와 생크림 도너츠 골랐습니다.,2
부산에서 태어나고 자란 내가 가장 많이 먹었던 것은 생도너츠,2
흰 앙금 과자,2
물 떡,2
분위기는 좋은데 추워요,2
방문 날짜,2
22.10.11 평일 오후 4시 주문 메뉴 아이스 아메리카노,2
아이스크림 바닐라 라떼 과일 요거트 케이크,2
케이크 종류도 많았는데 상큼한 것이 먹고 싶어서 요거트 케이크시켰고,2
음료는 아메리카노랑 크림 올라간 바닐라 라떼 마셨어요,2
바닐라 라떼 좋아해서 자주 마시는 데 크림 올라간 건 아인슈페너 말고,2
바로 앞에서 만들거든요,2
빌딩 5 층에 있어 단층으로 된 카페랑 느낌이 다름.,2
인스타로 케이크 미리 주문 제작 신청하고 픽업하러 갔어요!,2
마침 시간 여유가 있어서 음료랑 조각 케익도 매장에서 먹었습니다.,2
주말에 가니까 사람이 많았어요,2
카페 인테리어라든지 주차공간이 평범하지가 않아요,2
근데 올라가는 길이 엄청 가파른 오르막길이라서..,2
아주 조심해서 올라가야해요,2
전 쫄보라 아래에 주차하고 걸어 올라갔어요,2
근데 다들 차 가지고 잘 올라오시긴하더라구요,2
정말 만 디에 있어서 운전하게 무섭,2
경사 역대 급이니 운전 조심하세요,2
오르막이 장난 아니네요,2
특이해요 인테리어,2
이런 곳에 카페가 있을까? 싶은 위치에 있습니다.,2
정말 만 디에 있네요,2
진짜 만 디에 있네요,2
감사합니다,2
소문난 카페,2
뷰 좋고 커피도 맛있는 데 넘 높아서 차 굴러떨어지는 줄,2
근데 나와서야 본 저 가게 문양이 어떤 의미인지 궁금합니다,2
외관은 이쁜데 자리가 특이해요..,2
점심 예약 걸어 둔 식당 들어가기까지 시간이 벼서 들어간 카페!,2
카페라기보다는 전시장 같은 곳 제대로 된 의자나 테이블이 없다 내 인생에서 가장 특이한 장소로 기억하고 있다,2
특별히 맛있는 음료나 디저트가 없어서 이런 곳도 있구나 하고 구경하러 갈 만한 카페,2
"부모님과 와이프, 동생 그리고 4개월 30개월 된 아이 둘을 데리고 입장해 커피와 아이스크림을 샀습니다.",2
10여 분 뒤 직원이 다가와 여기는 노 키즈 존이니 다른 손님 분께 피해 주지 마시고 빨리 나가 주세요. 해 그대로 자리를 뜰 수밖에 없었습니다.,2
모던합니다,2
모나카는 그냥 봉지째로 툭,2
음료 사진은 어디 가고 없네요,2
월 정교 거닐고 싶어 갔다가 우연히 새로 생긴 카페 이스트 1779 만났어요,2
주말에는 박 터질 듯..,2
외관은 박물관 대구에서 두 번째 방문.,2
"초이 크림 라떼 아이스 8,000원 기본 투샷이라길래 1샷만 해서 먹었더니 달달..",2
경주가 그렇지 뭐 커플 모녀 가족 친구 등 다양한 분들이 왔음 중장년 여행 단체 같은 곳에서 구경 코스로 넣을 정도면 뭐...,2
다음엔 음료 마셔 보고 싶어요,2
스컹크웍스 이름은 많이 들어 봤는데 갈 계획은 없던 곳이었어요 길 걷다가 너무 힘들어서 아무 데나 들어가자 했는데 바로 보이길래 들어갔습니다,2
개화기 느낌 낭낭,2
네 네 네,2
스컹,2
황리단길 와서 들른 곳,2
앉고 싶은 자리가 있었는데 해가 정면에 있어 그늘진 곳에 앉았어요.,2
크로와상은 평범!,2
황리 단 길 저녁은 또 다른 느낌이네요,2
데이터 안 터짐 엄청 느림 가게 와이파이는 잘 되용,2
쏘쏘,2
좋겠네,2
퓨,2
평일,2
아이스크림 맛있는 데 야외에 생선 굽는 냄새로 배가 고파져요,2
유명한 곳이고 강 쥐랑 같이 실외 갈 수 있어 가 봤는데 쏘쏘했어요,2
음료보단 풍경,2
휘낭시에와 스콘은 누구나 아는 맛이었고,2
주말에는 야외 좌석 자리가 꽉 차네요,2
예전에 황리단길 놀러왔을 때는 저녁이라 그런지 자리가 없어서 아쉬웠는데 낮에는 그래두 자리가 좀 있네요.,2
쏠에이드 마셨어요,2
경주 황리단 길 애견 동반 카페!,2
주말 오후 5시 쯤 방문했더니 남은 디저트가 거의 없었습니다 우울,2
음료가 무난하고,2
황리 단 길에 있는 야외 카페,2
고양이 두 마리가 사람을 참 잘 따르네요,2
고양이가 있어요..!!,2
아메리카노는 산미가 있는 편이고,2
황리 단 길에 정말 많은 카페들이 있지만,2
잘 먹었다,2
안국역 레이어드랑 너무 비슷해요!,2
브라질과 에티오피아 원두 중 선택할 수 있어요,2
결혼 괜히 했나 싶네,2
막 이래,2
음료다,2
경주는 한옥이쥬,2
겨우 남은 것 중에 픽 해서 커피랑 먹었어요,2
음료가...,2
매장은 넓은 데 그만큼 사람이 많아요,2
아!,2
빵도,2
생긴 지 얼마 안 된 것 같음.,2
빵 많지는 않으나 기본 종류들은 있음.,2
소금 빵 하나 포장인데 종이 봉투가 꽤 큼.,2
왕릉 뷰,2
평일 날인데도 경주에는 사람이 많아요,2
상세 리뷰는 https://m.blog.naver.com/js35ru/222918504398,2
근데 티 음료에 잼을 넣어 주시네요,2
빵이랑 커피는 무난했고..,2
커피도 취향은 아니었지만 무난했고,2
음료 맛,2
5시 이후에는 사람이 많이 빠지는 거 같아요,2
대릉 원을 계획하고 있기에 공용 주차장에 주차하고,2
주차장에서 도보 3분 거리에 까페가 있었습니다.,2
바로 근처에 공영 주차장이 있긴한데 늘 붐비는 곳이라 자리가 없어서 쪽 샘 지구 주차장에 대고 걸어왔습니다.,2
첨성대가 빵 이 줄 알았는데 쿠키였네요,2
경주 여행의 마무리로 꼭 먹고 가려고 오픈 시간에 맞춰 갔습니다,2
꼭 먹어 보고자 갔습니다.,2
천문대 오면 리초야에서 말차 먹은 첨성대를 먹어야한다고 해서 먹어 봤어요,2
녹차 아이스크림 아래엔 슬러쉬 같이 살얼음 씹히는 우유 부분이 있어요.,2
무난,2
경주 놀러갔다가 경주월드도 가고,2
30분 내로 드세요.,2
그리고 온돌방도 있는 데 예약제에요.,2
황리단길 커피,2
황리단길 젊은이가 많아 활기참.,2
팥 눌 얼린 찐빵도 있어요,2
한옥 카페 처음입니다,2
찐빵.,2
이제는 어딜 가도 자리가 없어요,2
no키즈존이 있지않나 찾다가 실내가 너무 좋아서 들어가 봅니다,2
경주 황리단 길은 2 시간을 걸어도 다 둘러보지 못하고 지쳐도 잼 있게 힘들어 보내요 길도 예쁘고 가 보겠다는 공원은 다음을 생각해 봅니다,2
애들이랑 홈고 해야죠,2
완전 한옥 집..!,2
힝,2
뷰와 빵도,2
감사합니다,2
파도가 심한 날 구경하려고 갔어요.,2
감사합니다!,2
쏘쏘,2
빵도 좀 있는 데 먹진 않았지만 맛있어 보였습니다,2
커피는 솔직히 비싸지만 뷰값인 것 같아요!,2
시간 잘 계산해서 오기를,2
공항 가기 전 바다뷰보며 커피 마시기..,2
디저트도 먹고 싶었는 데 넘 배불러서 못 먹었어여 아쉽,2
올레길 17 코스 걷다가 휴식,2
민트를 좋아하는 데 마침 민초 팡도르 출시 주문해 먹었다.,2
제주애플망고소르베빙수,2
애플 망고 젤리,2
애플 망고 푸딩 주문했어요!,2
아가 들 태어나기 전부터 왔으니 6년 이상 된 것 같아요.,2
개린이 망고가 아주 어렸을 때부터 봤네요.,2
여름에 와야 애플 망고 빙수생과를 먹을 수 있을 터인데 아쉽지만 망고 소르베빙수 먹고 가요.,2
다른 것도 다 맛나 보이는 데 뭐가 더들 가서 맛난 거인지 여기가 맛난 거인지 보려고 플레인 베이글에 플레인 크림치즈로 해 봤어요.,2
제주 살면 한 달 안에 전 종류 도전해 볼 터인데…..,2
다음엔 기교로 가 보려구요,2
여기 단골이에요,2
저번에 못 먹어서 오늘은 드뎌 사 가네용,2
다 들 일찍 오세요!,2
역시 길 옆에 있는 식당과 까페는 가는 거 아님,2
처음 갔던 곳입니다.,2
온누리 상품권 되냐고 물어 보고 된다 해서 온누리 상품권 3만 원을 냈습니다.,2
총 금액이 22300원 나왔는 데 카운터에서 결재하는 여직원이 2만 원밖에 안 된다고 하는 거입니다.,2
그래서 3만 원 내고,2
총 금액 60프로가 넘는 데 왜 안 되냐,2
그럴 거면 아예 상품권을 안 받던가 해야 정상 아닐까요?,2
먹을만 좀 느끼,2
기대한 만큼은 아니지만!,2
맛있는 순서대로 정리해 보자면 1. 흑임자 크림 2.인절미 크림 3.한라산 1100 쑥 크림 4.크림 왕 밤 빵 5. 우도 땅콩 크림 6.고구마 크림,2
평일 다섯 시 넘어서 가니까 웨이팅 별로 안 걸렸어요,2
아베베베베,2
벱베베,2
빵 종류 엄청 많아서 결정 장애 와요,2
꼭 먼저 고르고 가시는 거 추천 드려요,2
비행기 타러 가기 전 많이 사 와서 냉동실에 두고,2
굼요 일 오후 2시 방문 웨이팅 5분 평일 오전에 30분? 정도 기다린 것 같아요!,2
한 박스 사서 냉동실에 쟁여 놨어요,2
동문시장에서 찾아가기도 어렵지 않고,2
오픈한 지 15분 만에 왔는 데 20분 웨이팅했어요..,2
크림도 느끼하지 않고,2
작년 초에 왔을 때 동문시장 1번 출구 쪽이었는 데 갔다가 비슷한 빵 팔길래 모르고 살 뻔했네요.,2
자세히 보니,2
베이커리가 아니더라구요.,2
12번 출구 쪽으로 이전해서 영업 중이신지,2
몰랐네요.,2
근데 먹다 보니 약간 느끼하긴하고,2
사과 크럼블두 넘넘 맛있어요 인절미는 별루입니다,2
리뷰 다 읽구 유명한 거 추천 많이 된 거 위주로 사세요,2
다음엔 엄청 마니 사서 냉동실에 쟁여 둬야지,2
순수 우유 맛 나요.,2
제주도 갈 때마다 꼭 사야겠어요,2
진심 요 셋 중에서 젤 맛있었던 크림 빵!,2
빵 2개만 산 것이 너무 아쉬워요  다음에 들를 때는 더 많이 사서 가려구요,2
각각 맛도 진합니다,2
평일인데도 줄도 길게 있어요,2
빵 전체 종류 다 먹어 보고 싶네요,2
성심당 튀김소보로 느낌,2
땅콩 도넛 맛 나요,2
저녁에 숙소 돌아가는 길에 운명같이 발견해서,2
홀린 듯 들어갔지요,2
제발,2
이 거 사려고 동문시장 찾아왔어요,2
개인적으로는 망원,2
아직 먹어 보진 않았지만,2
맛은..,2
전국구!,2
리뷰를 먼저 보고,2
사봤,2
우도 땅콩이랑 우유 금 농사 과 한라산 고지 쑥 이렇게 4개 샀는데 저는 우유가 젤 맛있고 그 다음 금 농사 과인 것 같아요,2
우도 땅콩이랑 쑥은 쏘쏘해요 개인 취향인 것 같아요,2
#아베베베이커리 #제주시 #동문로 #사라봉블리베리요거트치즈크림도너츠 #3,2
000 원 #우도땅콩크림도너츠 #2,2
700 원 #남원청귤요거트크림도너츠 #2,2
700 원 #제주녹차크림도너츠 #2,2
700 원 #함덕옛날옥수수크림빵 #3,2
200 원 #위미한라봉크림빵 #3,2
200 원 #영실목장순수우유크림빵 #3,2
200 원 #종달리딸기농장크림빵 #3,2
올 때마다 금 능사 과 빵은 꼭 사는데 식감이 살짝 바뀐 것 같아요!,2
순 우유,2
우도 땅콩,2
제주 여행 갔다가 24개 냉동실에 보관했어요,2
담엔 일찍 가야겠어요.,2
입에 쫙쫙 붙음,2
갓베베!,2
몬베베 말고,2
우도 땅콩이랑 블루베리!,2
우도 땅콩이랑 순 우유 정말 원 탑이에요!!,2
주말 낮에 갔지만,2
운이 좋게도 기다리지 않고,2
주문할 수 있었고 모든 빵이 남아 있었어요,2
마음 같아선 다 사 들고 가고 싶었지만..,2
한 박스로 제 자신과 타협했습니다..,2
개인적으로는 우유,2
달달한 편이예요.,2
안에 떡과 앙금이 들어 있는 것들이 있는 데...,2
어울리는 것도 있고 안 어울리는 것도 있었어요,2
제주도 여행 오기 전에 맛집 검색은 다 했었고,2
첫 방문이지만 10개 구입했고,2
하루 사이에 한 개 남았어요,2
11시 쯤 가니까 대기도 없고,2
우도 땅콩은 트레이 두 개나 dp 돼 있었어요,2
궁금해서 이것 저것 담다 보니 금방 12개 꽉 채워서 샀어요!,2
제주핫플 아 베베 다녀갑니다,2
이사했어요,2
집에 갈 때 50개 사가려구요.,2
가격대는 3천 원 4천 원 정도?,2
항상 사람 많아서 줄 서야하는 데 평일에 갔더니 운 좋게 바로 살 수 있었어요!,2
후회하지 말고 두 개 사세요…,2
빵맛보고 깜짝 놀랬어요..,2
왜 이것만 샀을까 후회했어요.,2
다음에 제주 가면 종류별로 다 담아 올래요.,2
배민으로 주문되네요,2
우도 땅콩 크림이 젤 인기 메뉴인가 봐 여,2
평일이라 그런지 금방 사서 좋네여,2
쑥이랑 땅콩이 진리,2
처음엔 너무 단가했지만 3번이나 가서 사 먹었지 뭐예요….,2
제주 첫날 너무 맛있게 먹어서 돌아오는 길에 6개나 사 와 버렸어요..,2
제 원 픽은 현재까지 금 능 사과 빵과 쑥크림오메기떡빵!,2
평일 네 시쯤 방문했더니 줄 별로 안 서고 구매했어요!,2
땅콩 향이 진해요,2
8개나 샀어용,2
족.,2
원.,2
사 먹어야해여 잘 먹었습니다,2
토요일 오후 두 시 반 전날 예약하고 갔더니 바로 픽업 가능했구 줄 서 있는 분은 7 팀 있었음,2
토요일 1시 30분에 방문했는 데 20분 기다려서 구매했고,2
줄 서는 덴 다 이유가 있네요.,2
손과 입이 빠르네요,2
토욜 오픈 10분 전에 갔는데 이미 웨이팅 있었어요 주차는 바로 옆 공영 주차장 30분 무료에요,2
주관적인 제 입맛입니다.,2
시간 많으신 분들은 한 번 가 보셔요,2
새로운 피스타치오 먹어 봤는데 아이스크림 맛 나요,2
그리고 매번 오픈 런했는 데 저녁 7시 쯤 가니까 사람도 별로 없고,2
메뉴도 거의 남아 있더라구요?,2
사고 싶은 거는 다 샀어요,2
1일 2아베베 중...,2
하루 전 문자 예약 꼭 필수,2
전 날 5시 이후에 방문했더니 빵이 5개 정도밖에 없더라구요,2
다음날 11시경 다시 갔는 데 평일이라 다행히 웨이팅이 길지 않아 금방 구입할 수 있었어요,2
우도 땅콩이 제일 궁금해서 가족들같이 먹을 것까지 6개 사고,2
그 외에도 2,2
3개 정도씩 구매했어요,2
다른 것도 대부분 맛있는 데 제주 녹차 크림은 기대보단 그닥 맛있진 않았어요,2
우도 땅콩,2
새 별 오를 바닐라,2
순수 우유,2
옛날 옥수수 다 맛있었어요,2
택배로 먹어도 같은 맛이면 시킬 듯 해요,2
오전 12시 전쯤 간 거 같은데 꽤 줄이 길더라구여 빵 종류도 다양하구 안에 크림도 꽉 꽉 차서 빵이 묵직..!,2
인절미는 안에 팥이 들어요,2
우유도 맛있어요 1100 고지 쑥은 맛이 연한데 엄청 맛있는진 모르겠어요,2
왕 밤 빵은 밤 크림 맛이 나서 괜찮았어요,2
아직 다른 맛은 못 봣는데 냉동실에 넣어 두고 꺼내 놔도 떡 쫄깃쫄깃 하더라구요,2
굿 굿 다음에 가서는 땅콩 쟁여 와야겠어요!,2
맛집인 것 같아 샀는데 다섯 개나 사 버렸네요,2
방문 시간 평일13:40 분 대기 없이 구매 완료...,2
종류가 생각보다 다양해서 결정 장애 올 뻔했지만,2
시그니처 땅콩 크림 일단 겟하고 그 뒤는 크림 수니라...,2
크림으로 집중 픽,2
동문시장 주욱 따라 나오면 바로 오른쪽 위치,2
제주 가면 꼭 노티드 도넛 포장해서 오는 데 아베베도넛도 맛있다길래 처음으로 방문해 봤습니다.,2
택배는 안 되겠지요?,2
동문시장에 쪼그맣게 있었을 때부터 방문해서 확장하고는 방문이 처음이었음.,2
세 번째 방문이었는데 메뉴가 많아져서 살짝 놀랬음.,2
일요일 낮에 갔는 데 웨이팅 5분?,2
정도밖에 없어서 다행히 금방 샀네요,2
종류별로 빵은 다 있었어요!,2
더 작은 박스도 팔면 좋을 거 같아요!,2
너무 달지 않고 맛있었는데 줄이 생각보다 길더라구요!,2
앞쪽이긴했지만,2
주말이기도해서3-40 분 기다려서 산 거 같아요!,2
살 거 정해서 갔지만,2
종류도 진짜 많고,2
실물 보면 다른 것들도 사고 싶어지는 충동이 생긴답니다,2
조절 잘 하셔야해요,2
전 못해서,2
처음부터 끝까지 다 사고 싶은 걸 못 사서 아쉬울 뿐,2
우도 크림은 시그니처라 꼭 드셔 보시고,2
오메기떡,2
빵,2
제주 기다려,2
bbb,2
시그니처 포함 9 종류 먹어 봤어요,2
개인적인 취향은 순수 우유고,2
단지 손님은 많은데,2
작년에 시장에 있었는데 밖으로 매장 옮겼네요.,2
나머진 크림도 그득하고 한 번쯤 먹어 볼 만한 것 같아요!!,2
방문했는 데 사람이 엄청 많아서 놀랬구요,2
갔을 때 사람이 많이 없어서 평일이라 그런가 했는데 갑자기 사람이 많아졌어요,2
타이밍 잘 맞으면 기다리지 않고,2
구매할 수 있어요,2
저는 평일 점심시간에 갔습니다.,2
동문시장 들렀다가 꼭 가야한다고 해서 궁금해서 들른 아베베!,2
종류도 엄청 다양해서 고르느라 애썼어요,2
저는 정보가 전혀 없었는데 제주도 여행하고 돌아가는 여행자들 통해서 아베베베아베베베이커리 알게 됐어요.,2
공항에서 멀지 않아 비행기 타기 전에 들렀습니다.,2
치를 가지고 가시면 매징 앞에는 주정차 카메라가 있어서 안전하게 건너편 주차장에 주차했어요.,2
30분에 1000원이에요.,2
키 맞기시고,2
빵 사러 가시면 돼요.,2
일렬로 줄 서서 서브웨이처럼 지나먼서 원하는 도너츠부르면 포장해 주세요.,2
종이퐁투는 100원이에요.,2
아직 택배는 안 된다고 해요.,2
저는 메인 시그니처 도너츠들로만 골랐어요.,2
박스 포장은 8개부터예요.,2
제주를 자주 못 오니 냉동에 한 달까지 가능해요!,2
도너츠 속 필링이 가득 들어 있고,2
다양한 빵이 있어서 좋았어요,2
다들 아베베 때문에 난리니까 궁금해 가지구 동문시장 간 김에 처음 가 봤어요!,2
직원이랑 진열대를 보면서 주문하는 시스템이라 많이 안 살 수거 없어요,2
내일 또 사 먹어야 딩,2
배불러서 포장만 하고 아직 못 먹었어요!,2
제가 갔을 땐 웨이팅이 길지 않았고,2
특별한 메뉴들도 있고,2
여러 개 먹어 봤지만,2
혼여족이라 두 개만 살려고했는데 네 개나 사 왔네요,2
대기해서 먹을 만한 곳입니다.,2
후기 보고 10개 포장해서 사 왔는데 넘 많이 샀네요,2
유명해서 가 봤어요,2
디저트들마다 제주스러운 이름을 붙혀놨어요,2
맛은 모자르지도 과하지도 않은 평범한 맛입니다,2
픽업만 가능한데,2
우도 땅콩 크림,2
순 우유 추천,2
왜 사람들이 줄 서서 먹는지,2
알겠음..,2
서울에서도 지나친,2
빵 순이인데 제주 유명 빵집 놓칠 수 없어 간 곳이예요!,2
매일 아침 3 빵씩 해서 이틀 6 종류 먹었는 데 우도 땅콩,2
애플파이 맛 나던 금 능사 과,2
유명하다 해서 가 봤습니다.,2
마농,2
우유,2
땅콩,2
흑임자,2
블루베리,2
이렇게 시켰는데 제 입맛에는 다 soso이고,2
특히 땅콩.,2
4시쯤에 갔더니 바로 샀어요!,2
녹차 크림 도넛으로 했는 데 빵피는 맛있었는데 크림이 제 스타일이 아니었어요,2
녹차 맛은 진해요!,2
여행의 시작과 끝을 아베베로 했습니다.,2
제주도 가면 꼭 가야한다고,2
줄이 가게 밖으로 서 있었지만,2
우유 크림,2
땅콩 크림,2
흑임자 크림,2
왜 줄 서 있나 했어요.,2
무조건이야,2
우도 땅콩 크림은 못 샀지만,2
올드페리 다 비켜.,2
아베베 미만 잡,2
크림이 듬뿍 든 도넛이 길 가다가 눈에 띄어서 줄 서서 사 봤어요.,2
알고 보니 유명한 집인가 봐요?,2
착한 고등어 집 갔다 동문시장으로 들어가는 후문?,2
쪽을 지나다가 사람들이 줄을 서서 빵을 사길래 네이버 검색을 해 보니 평점이 좋고 다들 맛있다길래 무작정 들어가서 사 봤습니다,2
우도 크림 빵이 메인이라는데 끝나는 시간대가 그냥 남은 거 3개를 샀습니다,2
경험한 것으로 만족합니다,2
개취지만,2
왜 줄 서서 사는지 이해가 됨...,2
드셔 보세요,2
4개만 산 것이 후회스럽고요...,2
거를 것이 없음...,2
우연히 지나가다가 대기도 많길래 검새해 보니 유명한 베이커리였네요,2
동문시장 가는 이유 중 하나입니다,2
줄이 줄이,2
담 번엔 택배로 주문해야겠어요,2
엄청난 빵 순이라 줄 서 있는 곳 지나치지 못하고 사 왔어요..,2
개취인가 봅니다..,2
흔한 거 말고,2
사람도 많고,2
그냥 도넛 맛집,2
최애는 초코와 땅콩입니다,2
나머지도 찬찬히 먹어 볼께요,2
종류도 너무 많아서 조금만 사려고했다가 박스로 구입했어요,2
마감 대라서 메뉴는 다양하게 없었지만,2
지나는 길에 많은 사람들이 서서 기다리는 것을 보고.,2
기다려서.,2
들어가 보니.,2
빵 종류가 다양했다.,2
골고루 여러 가지를 샀는 데.,2
도넛 같지 않은 도넛,2
다먹구시포...,2
왜,2
제주 오면,2
아베베,2
기본 코스,2
먹어 본 맛이지만 한 번쯤 먹을 만한 거 같아요,2
동문재래시장을 방문한다면,2
아베베는 필수!!!,2
이렇게 사도 되나,2
할 정도로 고르세요!,2
공항 근처 맛집 검색했다가 여기 발견하고 가는 날 한번 오는 날 한 번 두 번이나 방문했어요 가게 앞 주차는 안 될 듯해요,2
크림 도넛 안에 찰떡이 있구요 수순 우유 우도 땅콩 사과 크림 요렇게 세 가지만 샀어요,2
금능사과빵,2
8/10 점,2
딸기 크림 빵,2
6 글자로 정리한다면,2
8/10 점,2
고객 식당에서 아침 먹고,2
동문시장 살짝 구경하고,2
아베베에서 빵 사서 집으로 고고!,2
홀린 듯이 빵을 선택했고,2
방문,2
평일이라 5분도 안 기다림 1100 고지 쑥 오메기가 내 스타일,2
바로 앞에 유료 주차장에 주차했는데 조금 더 가면 공영 주차장이 있네요,2
할인받을 수 있는 차량은 거기에 주차하던지 가게 앞에 잠시 정차 정도는 가능할 거 같아요,2
시댁 식구들과 맛집이라고 해서 방문했어요,2
시장 갔다가 우연히 들린 아베베,2
인스타 광고 안 믿는 데 진짜 여기 크림 빵은 한 번씩 먹어 봐야한다는,2
우유 크림 빵 땅콩 크림 빵.,2
1 시간 30분 일찍 가서 일 번으로 샀어요 ,2
허허,2
대정 현무암 마늘빵에 크림치즈,2
왜 인기가 많은지 알겠어요,2
다른 맛은 잘 모르겠는데 우도땅콩크림도너츠는 자꾸 생각나뇨!,2
제발 육지에도 상륙해 주세요..,2
빵,2
독특한 빵들이 이어서 가 봤는데,2
시그니처 우도 땅콩 크림 도넛은 약간 땅콩국희샌드?,2
맛이 나요,2
튀김소보로 느낌?,2
혼자 한 명씩 골라 담고,2
우유 맛은 상상하는 우유 맛이고,2
땅콩 크림 도넛은 땅콩 쨈 부드러운 버전?,2
정도라고 생각해요,2
두 번째 방문!,2
우도 땅콩이랑 비양도 코코넛이 취향.,2
반드시 커피랑 마시는 걸 추천.,2
사 와서 앉은 자리에서 블루베리 요거트 크림도 너트,2
녹차도너츠 해 치워 버렸어요,2
1시 넘어서 가니까 웨이팅은 없었습니다.,2
다양한 메뉴들이 많아서 과소비를 조금.. 했어요,2
사람이 많이 몰리니 타이밍 잘 맞춰서 방문하시길 추천 드립니다,2
3개 산 거 후회된다,2
8개 살걸,2
제가 들린 식당 근처에 있길래 방문해 봤어요!,2
제주도의 특산품인 우도 땅콩 맛을 먹으러 갔는데.,2
포장 후 숙소 와서 먹으니...,2
도지마롤,2
궁금한 맛도 너무 많았는데 먹을 수 있을 만큼만 구매했어요,2
일단,2
한라산 1100 고지 쑥 크림 빵,2
시그니처 우도 땅콩이 우리가 마지막이였다.,2
남은 6개.,2
했지만,2
금 능 사과 크림 빵이랑 오메기떡도넛,2
다음에 오면 대기 별로 없으면 구입할 거 같아요,2
빵이 안에 그냥 크림만 있는 줄 알았는데 찹쌀이랑 팥이 밑 부분에 베이스로 깔려 있 도라구요!!!,2
금 능사 과도 맛있구 동문시장에서 귤 사고 나오니 줄이 많이 길어졌더라구요,2
그래도 계속 빵을 만들어 내시는지 아예 솔드 아웃된 빵은 없었던 거로 기억해요,2
특색 있게 지역 명으로 빵을 만들었는데 곧 서울에서도 볼 수 있지 않을까 합니다.,2
맛 별로 궁금해서 여러 개 사 봤는데 후회 없어요,2
제주 크림 빵은 아베베가 최고!!!,2
네,2
겨우 도넛 먹고 이런 변수는 예상하지 못해서 덕분에 올레길 걷다가 위험한 순간들이 많았음,2
화장실 찾느라 바지춤 부여잡고 막 뛰어다녔어요,2
동문시장 공영 주자 창 입구 들어가기 전에 위치하고 있어요,2
유명한 아 베베 크림 빵..,2
우도 땅콩이 시그니처고,2
다음에 간다면 땅콩만 살 듯 해요,2
디저트 ,2
했는데,2
도민이지만,2
종류가 너무 많아서 결정 장애 와요..,2
욕심 부리지 말고 1 인당 1개 먹음 될 꺼 같아용,2
특이한 맛,2
주차 공간이 없다는 글에 유료 주차장 주차하고 가서 삼 웨이팅 없엇고 바로 1분 만에 커스터드 애플 망고 푸딩 삼,2
개인적으로 애플 망고가 훨씬 나앗음,2
항상 줄이 길었는데 이 날 대기가 없더라구요,2
포장만 가능하지만,2
우뭇가사리로 만든 푸딩이예요,2
우무쿤!,2
푸딩..,2
가격은 쎄지만 맛있어요,2
가격이 비싸긴하지만 맛있어요!,2
생각 바뀜,2
제주 가서 우무 처음 먹어 봤어요!,2
제주 해녀가 직접하겐 우뭇가사리로 만든 푸딩,2
안녕 우무,2
역시 우무!,2
에코 백,2
디저트,2
