cafeName,review
헤이안,"바다가 아ㅍ에 보이니깐 너무 조으네요.
빵도 맛있고 커피도 맛있어요~"
헤이안,뷰가 정말 멋져요
헤이안,"오션뷰 너무 예쁘고
카페 분위기도 취향저격이에요☺️
인생샷 찍고 왔어요🫰🏻"
헤이안,맛집이에유
헤이안,좋아요 
헤이안,대추차가 맜있어요 전통수제차
헤이안,인테리어가 예뻐요. 음료가 맛있어요! 빵 종류가 많아요. 배뷸러서 못먹었는데 먹어보고싶어요
헤이안,"진동벨이 있었으면좀더 편할거같아요~
창가쪽에 앉았는데 모니터가 안보이더라구요

음료를 많이 시켰는데
엘레베이터가있어서 편했어요 
"
헤이안,"영일대해수욕장뷰를 즐길수있는곳이네요~
주말이라 사람들이 많아서 좀 시끌벅적ㅋ
유자퐁당....넘 맛있네요~유자향도 넘좋고 달달하니 당충분되네요^^
샤인머스켓에이드 코코넛이 들어서 씹는맛도있구 좋아요~
"
헤이안,좋아요
헤이안,뷰가 좋아요
헤이안,좋아요 
헤이안,카페 왔어요
헤이안,씨뷰~
헤이안,영일대도 바라보는 예쁜 뷰
헤이안,굿👍
헤이안,굿👍
헤이안,포스코야경이예쁘게보이는곳
헤이안,굿
헤이안,커피 너무  좋습니다
헤이안,good
헤이안,굿
헤이안,👍
헤이안,굿
헤이안,"분위기도 좋고 매장도 넓어서 대화하기 좋았어요!
의자도 너무 푹신하고, 화장실도 깔끔하고, 빵도 맛있네요😊"
헤이안,"가격대가 좀 있어요
평일 저녁은 주문 받는 서버가 혼자라 조금 시간이 걸려요
주차는 길 건너 공용주차장에 했어요"
헤이안,"깨끗하고.
전망 좋고
영일대 해수욕장 인근.
음료 가격이 조금 비싸요."
헤이안,뷰맛집에 빵맛집까지... 미칩니다 아주!! 포항가면 꼭 가봐야하는 카페 리스트 1순ㅇ💙
헤이안,"맛있는데 조금 비싼감은 있어요.
분위기는 좋은데 매장이 너무 바빠서 테이블 정리가 잘 안되있던것이 아쉬웠네요~"
헤이안,사람많음. 디저트 종류 많음. 맛있음. 
헤이안,딸기가좋아 크림이…너무 맛있습니다!
헤이안,가격대가 좀 있긴 하지만 뷰값이라고 생각해요~ 주말이라 사람 진짜진짜 많네요ㅠㅠ 디저트류 맛있구 음료도 괜찮아요!
헤이안,"뷰 좋고, 인테리어 좋고, 매장이 넓음, 포토존 다수
빵 등의 디저트 맛이 좋음
아기의자 있음
3층 이상은 안전을 위한 노키즈존
음료의 맛은 그럭저럭
낮에는 햇빛이 강하게 들어옴
2층 남자 화장실은 전반적으로 깨끗해보이나 
세면대 곰팡이 있음"
헤이안,경치가 좋아요.
헤이안,커피도 맛있지만 여기 빵 맛집입니다. 비싸기만 드릅게 비싸고 맛은없는 그런카페와는 달라요! 빵 겁내맛있음 재방문의사있어요~
헤이안,빵이 충격적으로 맛이 없어서 화가 났어요ㅠㅠ 음료나 케이크는 맛있었습니다. 화장실도 깨끗했어요!
헤이안,깔끔하고 예쁜카페
헤이안,"음료사진을 못찍었지만..ㅠ 
헤이안 너무 좋았음!!!! 인테리어 말모말모..✨💕클쓰 분위기 너무 이쁘고 포토스팟 짱 많구.. 또오고싶슴다 🥰🥰"
헤이안,좋아요
헤이안,굿
헤이안,뷰가 좋고 빵류도 함께있어서 간단히 식사하  좋네요
헤이안,아몬드크림라떼랑 자두에이드 먹었어요^^ 맛있어요❤
헤이안,오션뷰가 좋아요
헤이안,아메리카노ㆍ빵 맛집이죠
헤이안,뷰맛집 커피맛집이네요~~^^
헤이안,굳
헤이안,음료를 옷에 쏟아서 물티슈 좀 달라했더니 없다고함 ㅠ  공영주차장에 주차된 차에 뛰어가서 물티슈 갖고옴 커피값이 싼것도 아닌데  이건 아니라고 봄
헤이안,"헤이안 좋아요.
빵이 맛있어요.
직원 친절해요"
헤이안,맛은 있지만 가성비는 별로. 직원은 많지만 매장에 테이블 닦거나 화장실 정리는 아무도 안함. 식음료 매장이니 청결하게 관리해주세요.
헤이안,"매장이 크고 넓은데다 주차하기 좋고 전망이 좋아요
가격은 착한편이 아니지만 그래도 한번씩 가게 되네요"
헤이안,"커피, 브레드와 바다경치... 말이 필요없어요.."
헤이안,뷰가 넘 이뻐요
헤이안,케이크 맛있어용🍰
헤이안,맘모스빵이 지금까지 먹어본 빵 으뜸이에요. 디카페인 커피는 별로구요. 포항오면 다시 한번쯤 방문하고 싶네요. 
헤이안,커피코피룸룸 커핔ㅗ피움룸
헤이메르,ㅇ
헤이메르,뷰 좋아요! 시그니처 커피 맛있어용
헤이메르,예쁘고 커피 맛있어요
헤이메르,비싸요ㅜ
헤이메르,"풍경이 쵝오
대형카페 인증 합니다.."
헤이메르,카페 안에서 바다도 보이고 넓어서 좋아요. 음료도 다 맛있고 베이커리 종류도 다 맛있습니다
헤이메르,굿
헤이메르,뷰도 넘좋아여
헤이메르,"제가갔을땐 평일이라 조용하고 쉬기 너무좋았어요 빵도 맛있고 음료도맛있어요
(초코케익빼고😅)"
헤이메르,빵이 너무 맛있어용🥐👍
헤이메르,"무엇보다 이곳은 뷰와 사진찍기 좋은곳
커피 빵 모두 맛집이예요 주차하기좋고 가슴이 뻥~~주중에가니 조용하고 넘좋으네요"
헤이메르,바다뷰..넘 조아요
헤이메르,굿
헤이메르,뷰가좋아요
헤이메르,좋아요 경치가 
헤이메르,좋아요
헤이메르,뷰가 엄청 좋아요~~
헤이메르,어니언크로와상 맛있었어요 헤이즐넛라떼도 시그니쳐 메뉴도 괜찮았어요
헤이메르,굿
헤이메르,좋아요
헤이메르,음료맛있어요. 오르막이라 차가 힘들어해요
헤이메르,뷰가 넘 좋아요~~
헤이메르,뷰가 모든걸 말해주네요..잠시 들렷는데 너무 좋네요.먼 바다를 보며 멍때리기에 안성맞춤입니다
헤이메르,굿
헤이메르,간절곶 갈때마다 커피마시러 가는데 바다뷰는 항상 환상입니다
헤이메르,"뷰가 환상입니다.
시그니쳐 음료도 너무 맛있고부드럽네요"
헤이메르,뷰도 좋고 커피도 맛있어요
헤이메르,뷰 너무 좋아요ㅠㅜ
헤이메르,친절 커피가맛있어요
헤이메르,좋아요
헤이메르,굿
헤이메르,굿
헤이메르,소금빵 맛나요~! 
헤이메르,"언제나  다시  찾아도  
뷰가 좋아요
주변  환경이  
더  좋아졌어요  ~ ^*^"
헤이메르,"평일에 방문했는데 주차하기 좋고 조용하니 좋네요
다만 1층밖에 이용은 못하지만 야외에도 앉을수 있어서 뷰가 너무 좋음
카페 올라가는길이 경사가 심해서 초보운전자들은
조심야 할듯"
헤이메르,굿
헤이메르,빵 종류가 다양해서 좋아요
헤이메르,굳
헤이메르,굿
헤이메르,좋아요
헤이메르,"맛있고
분위기. 갑"
헤이메르,뷰가 좋아요. 평일에도 사람이 많아요
헤이메르,"뷰 너무 좋구 빵 맛있어요,,♥️"
헤이메르,"멀긴하지만 뷰를 원한다면 한번쯤은 와볼만해요
빵 종류 많아서 좋네요"
헤이메르,굿
헤이메르,국
헤이메르,좋아요
헤이메르,좋와요
헤이메르,굿
헤이메르,좋아요 
헤이메르,빵커피 맛나고 뷰 짱!!
헤이메르,굿
헤이메르,뷰가 멋져요
헤이메르,굿
간절곶 카페루아,뷰가 굿
간절곶 카페루아,"브레드 좋아요~커피좋아요^^
남편이랑 둘이 오붓하게오기좋네요 ~ ^^"
간절곶 카페루아,"뷰맛집입니다 👍 👍 
가격은 좀비싸지만 간절곶 구경하면서 티타임즐기기엔 최고네요^^"
간절곶 카페루아,굿
간절곶 카페루아,커피도 뷰도 굿 맛잇어요 고숩한 원두 좋아용
간절곶 카페루아,좋아요.
간절곶 카페루아,좋아요
간절곶 카페루아,굿
간절곶 카페루아,친절합니다 
간절곶 카페루아,좋아요
간절곶 카페루아,좋아요
간절곶 카페루아,깔끔하고 좋아요
간절곶 카페루아,좋아요
간절곶 카페루아,긋
간절곶 카페루아,좋아요
간절곶 카페루아,"사장인지 알바인지는 .모르겠으나 여자세분 남자한분계셨고 그중에 나이젤많아보이는 아줌마 진짜 재수없을정도로 싸가지없네요
바쁜거알겠는데 주문하려고 기다리고있으니 못본척함ㅋ 테이프 다써서 테이프컷팅기에 넣고있으면서 잠시 가다려주세요. 말이 그케어려운가??
결국 내가 주문 좀 더.기다릴까요? 라고 아주 상냥하게 얘기했음 하지만 돌아오는 답변은 네 기다리세요. 싸가지없는눈빛과함께.. 커피맛도 그저그럼 힘들면 일하지말던가 기분좋게놀러온사람까지 기분잡치지말고"
간절곶 카페루아,굿
간절곶 카페루아,좋아요.
간절곶 카페루아,커피 마시러갔다 옆에 사다리까지 두고 공사를 하셔서 쫒기듯나왔네요
간절곶 카페루아,뷰는 좋은데 보수공사중이라 불편했어요
간절곶 카페루아,"팥빙수 가격 보고 읭 했는데 4인이 먹을 양이었네요 견과류에 인절미가루, 팥 듬뿍이라 정말 맛있었어요"
간절곶 카페루아,좋아요
간절곶 카페루아,간절곶 바로앞이라 좋네요
간절곶 카페루아,굿
간절곶 카페루아,뷰가 좋아요
간절곶 카페루아,좋아요 
간절곶 카페루아,뷰가 굿굿굿~~
간절곶 카페루아,굿
간절곶 카페루아,뷰 맛집입니다
간절곶 카페루아,굿
간절곶 카페루아,뷰가 좋은 곳 ㆍ넓은 공원이 옆에 있어 좋아요
간절곶 카페루아,간절곶 뷰가 멋져요
간절곶 카페루아,보통
간절곶 카페루아,조아요
간절곶 카페루아,좋아요
간절곶 카페루아,굿 ♡ ♡ ♡ 
간절곶 카페루아,"위치는 좋음
여직원들 말투가 친절한척하지만 귀찮은 티 팍팍 내는 간호사 말투
케잌은 가격대비 빵이 퍽퍽함"
간절곶 카페루아,감사합니다
간절곶 카페루아,감사합니다
간절곶 카페루아,조아요
간절곶 카페루아,맛나요
간절곶 카페루아,굿
간절곶 카페루아,ㅎ
간절곶 카페루아,굳
간절곶 카페루아,굿
간절곶 카페루아,"뷰맛집이예여ㅎㅎ
이 팥빙수가 2만원 입니다🤣🤣"
간절곶 카페루아,굿
간절곶 카페루아,좋아요
간절곶 카페루아,조용하니 좋네요
간절곶 카페루아,뷰맛집이라 커피값이 비싸긴하지만 간절곶 이 한눈에  
간절곶 카페루아,굿
간절곶 카페루아,좋아요
간절곶 카페루아,뷰가 너무 좋아요👍
카페하든,명선도 가기 전에 들려서 커피마시기 좋은 것 같아요~
카페하든,커피도맛있고 뷰도 멋지고 굿굿
카페하든,그냥 보통 정도입니다 ㅎㅎ
카페하든,굿
카페하든,너무 맛있고 분위기 좋아용~
카페하든,굿
카페하든,"좋은 위치의 전망좋은 
"
카페하든,음료 시키고 30분만에나왔어요 맛은 있는데 처음에 시킬 때 오래걸릴 거 같다고 말해주면 더 좋았을 거 같습니다 빵은 쏘쏘
카페하든,"빵,다양한디저트
음료랑같이 바다보면서 즐길수있어좋아요~
"
카페하든,좋아요
카페하든,뷰맛집입니당
카페하든,굿
카페하든,"명선도에 갈려고 왔다가 너무 일찍도착해서 들렸는데 왠걸 분위기, 커피 맛집이였다니!!! 안왔으면 후회할뻔 했습니다😊😊"
카페하든,뷰 좋아요
카페하든,맛나요~~~
카페하든,"우연히 들어간곳~
분위기 좋아용^^"
카페하든,맛있는 집 
카페하든,뷰도 좋고 커피도 맛있어요
카페하든,친절해요
카페하든,바다 앞에 좋은 카페가 있어서 좋았습니다!! 내부 분위기도 좋아요!!
카페하든,뷰가 좋아요 ㅎㅎ
카페하든,매장도 엄청 넓고 뷰도 엄청 납니다
카페하든,굿
카페하든,자주이용하는데
카페하든,"명선도 바로앞이라 야경 보면서
예쁜 사진 남길수 있네요"
카페하든,좋아요
카페하든,좋아요
카페하든,"주차공간이 넓어서 좋아요
좌석은 좀 불편해요"
카페하든,시그니처 음료 맛있어요
카페하든,좋아요 
카페하든,굿
카페하든,아메리카노디카페인과 아메리카노샷3개 시켰는데 설명도 안해주고 음료만 주고  팽 하고 가버려서  메뉴 많이 시켰는데 다시 바리바리 들고 가서 물어봤어요. 사람체질에 따라 카페인이 독인 사람도 있답니다. 사과도 없고 멀뚱멀뚱 일행들도 다 맛없다고 절래절래 비추합니다.
카페하든,"맛 : 산미가 있는 스타일의 커피. 흑임자크림은 예상가능한 맛.
주차 : 여유있음.
서비스 : 직원분들이 퉁명스러운 느낌.
분위기 : 서퍼들 보는 재미와 함께 바다뷰가 좋음.
기타 : 바다모래 관련 공사로 인해 살짝 아쉬움."
카페하든,굿
카페하든,빵(육쪽빵) 맛있어요~
카페하든,굿
카페하든,좋아요.
카페하든,"바닷가바라보면서 커피한잔
너무좋아요"
카페하든,좋아요 
카페하든,굳
카페하든,굳
카페하든,좋아요 
카페하든,좋아요
카페하든,깔끔... 육쪽빵 오래씹어야함... 좀 길긴것빼고는 맛있다. 창가자리 추천...
카페하든,음료 이쁘고 맛있어요!
카페하든,.
카페하든,좋아요 
카페하든,"진하해수욕장 명선도가 보이는 곳에서 맛있는 커피를 한 잔 할 수 있는 하든이 생겼네요🙂🧡
커피맛도 괜찮고 통유리창을 통해 바로 앞에 명선도를 볼 수 있어서 좋았습니다!"
카페하든,커피도 맛있었고 넓어서 자리도 많고 좋았어요 ! 루프탑까지 있는 대형오션뷰카페 👍🏻 명선도도 바로 앞이라 잘보이고 예쁜 포토존도 많아서 좋았어요
카페하든,좋아요
카페하든,굿
카페하든,좋아 
카페하든,주차가 어려운 진하해변에서 2시간 무료주차면...
카페파도,좋아요
카페파도,"정말 어디에서 마시든 뷰가 너무 좋아서 덩달아 기분도 좋아지더라구요💜

내부 좌석도 넓어서 가족이나 친구랑 다 같이와도 너무 좋을 거 같아요👍🏻

주차공간도 2군데로 넓어서 주차 걱정 할 필요도 없었고, 전기차 충전 공간도 따로 있어서 굿굿😆

음료도 너무 예쁜데 맛도 있고, 디저트 종류도 많아서 고르는데 시간이 훨씬 많이 걸렸어요👍🏻"
카페파도,"바다뷰가 넘 좋아요!
카페도 깔끔하구요.
한잔의 커피와 잔잔히 흐르는 음악과 잔잔히 일렁이는 파도를 바라보면서 여유를 즐겨요!"
카페파도,뷰가 너무 좋아요><
카페파도,친절해요
카페파도,주차하기편하고 바다뷰가 좋아요~ 
카페파도,"뷰가 너무 좋아요

카페도 이쁘고 깨끗하고
음료도 이쁘고 맛있어요♡"
카페파도,파도라떼 넘 맛있어용
카페파도,"포항 남구 구룡포읍!
카페파도에왔어요! 인테리어도 좋고 분위기도좋아요!
파도라떼와 아이스아메!

플레인크로플도좋았어요!"
카페파도,"너무 멋진 곳에서 즐거운 시간이었어요
"
카페파도,인테리어가 너무 예쁘네요!!
카페파도,"뷰가 너무 이뻐요!
커피도 디저트도 다 마싯음 ㅜㅜ"
카페파도,"햇살 좋은 날에 와서 그런지, 그냥 찍어도 사진 엄청 잘 나오네요 ㅎ 인테리어도 작은 결혼식 느낌으로 너무 예쁘고 커피와 브라우니도 맛있었습니다!"
카페파도,남넘 예쁜카페 좋은 음악 편안한 자리 맛있는 음료
카페파도,뷰도 끝내주고 커피맛도 좋아요 파도치는 뷰에 카페파도 딱이네요
카페파도,"뷰도좋고 커피도 맛있고 크로플도 맛있어요
동해바다 뷰 멋진 카페 입니다"
카페파도,뷰가 너무 좋고 음식과 음료 모두 맛있어요!!
카페파도,맛있어요^^
카페파도,구룡포 읍내에서 가까우면서도 조용하고 주차하기 좋아요 차도 맛있고 브런치도 있어서 좋아요
카페파도,"뷰가 좋고, 커피가 맛있네요~~
크로플도 겉바속촉이여서 맛나네요~~"
카페파도,친절하시고 맛도 맛있고 분위기도 조아요 !
카페파도,커도  맛있고 뷰가 좋아요~~
카페파도,"뷰도 좋구 커피맛도 좋구 :) 
올때마다 만족하는 곳입니다.
여러가지 브런치메뉴들도 많이 생겨서, 더 좋은 거 같아요. "
카페파도,인테리어도 이쁘고 바다도 보이고 에이드도 상큼하게 맛있고 치즈케이크도 맛있어요. 카페파도 너무 좋아요. 자주 옵니다 ^^
카페파도,뷰 맛집시네요. 커피는 산미가 있어서 제 스타일은 아니네요.
카페파도,사진을 잘 못찍었지만 뷰 정말 예뻐요😆
카페파도,"뷰가 정말이뻐요! 
날시좋은날에 오는거 추천합니다~ "
카페파도,바다 뷰 좋고 복숭아 라떼 맛있어요
카페파도,음료도 맛있고 뷰도 너무 좋아요!
카페파도,"분위기가 좋아요 피아노 쳐보고 싶었는데.. 
비가와서 아쉬웠어요"
카페파도,뷰가좋아요
카페파도,파도소리를 여유롭게 들을수 있어서 좋았어요. 바다뷰 뿐만아니라 내부인테리어도 예뻐요. 자몽에이드도 맛있었습니다 🫶🏻
카페파도,좋아요!
카페파도,좋아요 좋아요
카페파도,풍경이 멋져요 
카페파도,"뷰가 너무너무 예뻐요👍
말차슈페너 정말 맛있어용 ㅋㅋ 
야외에 앉아도 너무 좋을거 같아요 "
카페파도,굿
카페파도,맛있어요
카페파도,좋아요
카페파도,"디저트도 맛나고 커피도 딱 좋내요~
뷰맛집 인정 ㅋ"
카페파도,"오션뷰가 너무 좋아요!
파도보며 커피마시기 좋은곳!"
카페파도,주차장도 넓고 오션뷰여서 너무 좋아요 ㅎ 저는 부모님 모시고 왔는데 인테리어도  깔끔해서 데이트코스로도 좋을 것 같아용 
카페파도,"키오스크 주문이라 충분히 고민해보고 주문할수 있었어요
직원분 친절하시고 카페 크고 너무 이뻐요
저녁에 와서 파란 바다뷰는 놓쳤지만 저녁에와도 분위기 너무 좋습니다"
카페파도,좋아요
카페파도,뷰도 너무 좋고 주차도 수월했어요
카페파도,"뷰가 좋아요.커피맛도 상큼하고 맛이 있습니다.
정말 좋은거 같아요. 구룡포에서 찐으로 좋아요."
카페파도,"뷰가 너무 좋아요
시그니처 파도라떼 먹어봤는데 달달하니 좋네요ㅎㅎ
개인적으론 안섞고 먹는게 맛있는듯요!
카페안에 사진찍을곳도 많고 조용하고 분위기있어서 쉬기 좋았네요:)"
카페파도,굿
카페파도,파도 커피 마싯어요
카페파도,좋아요
카페파도,규모 크고 주차장이 넓습니다 
카페파도,뷰가 이쁘고 직원분이 친절하세요 :) 
카페파도,좋네요~~
카페파도,오션뷰 너무 예쁘고 브런치도 맛있었어요👍❤️ 
보사노바 커피로스터스 삼척점,굿
보사노바 커피로스터스 삼척점,뷰도 너무좋고 빵도 커피도 👍 
보사노바 커피로스터스 삼척점,좋아요
보사노바 커피로스터스 삼척점,빵빵~맛었있어요~
보사노바 커피로스터스 삼척점,장인이 만든 빵맛은  일품 입니다
보사노바 커피로스터스 삼척점,친절합니다
보사노바 커피로스터스 삼척점,뷰 이뻐요
보사노바 커피로스터스 삼척점,굿~~ 좋아요 
보사노바 커피로스터스 삼척점,보사노바 분위기도 좋고 커피도 맛있어요
보사노바 커피로스터스 삼척점,"👍
매장 넓고 주차장도 앞에 있어 주차하기도 편함
통장유리로 뷰가 좋음 
화장실 남녀구분 깨끗함 

😞
까눌레가... 누가봐도 망친 까눌레 파는것같음 "
보사노바 커피로스터스 삼척점,빵 종류가 좀 더 많았으면 좋았겠지만 완벽한 뷰에 감탄하고 갑니다!! 최고 뷰 맛집!! 커피와 빵 가격도 비싸지 않았어요 바로 앞 해수욕장에 주차장까지 넉넉하니  강추합니다
보사노바 커피로스터스 삼척점,굿굿
보사노바 커피로스터스 삼척점,좋아요.
보사노바 커피로스터스 삼척점,"핸드드립 커피가 일품입니다
맛이 좋아요
뷰도 좋고"
보사노바 커피로스터스 삼척점,의자가 너무 더러워요
보사노바 커피로스터스 삼척점,커피가  맛나요
보사노바 커피로스터스 삼척점,"뷰가 좋고, 맛도 좋네요"
보사노바 커피로스터스 삼척점,뷰 좋은 곳 빵 맛있는 곳 주차 편한 곳
보사노바 커피로스터스 삼척점,"커피 너무 맛있어요
4층+루프탑 매장이 큰데 그만큼 사람도 많아서 꽉차요
뷰는 말할것도 없이 너무 좋아요"
보사노바 커피로스터스 삼척점,커피가 맛있어요!
보사노바 커피로스터스 삼척점,"음료 빵 전체적으로 무난한 맛 이였어요 ! ! 
뷰 도 잘보이고 경치가 너무 멋져요 ... 👍 
시설도 잘되있고 사진찍기도 너무 좋았어요 "
보사노바 커피로스터스 삼척점,뷰도 맛집이고 건물자체가 5층인데 전부 카페라서 마음에 들었어용 디저트도 종류도 많고 다 맛있어용🐷
보사노바 커피로스터스 삼척점,아침일찍 사람 없을때 가는게 좋아용
보사노바 커피로스터스 삼척점,깔끔하고 통유리로 바다보여서 좋ㅇ아요
보사노바 커피로스터스 삼척점,그ㅅ
보사노바 커피로스터스 삼척점,커피가  특별히  더 맛나네요
보사노바 커피로스터스 삼척점,"뷰~^^
짱입니다. 강추"
보사노바 커피로스터스 삼척점,"초코가나슈 달달하고 너무 맛있었어요!
창가 자리도 좋기는한데 시선에 주차된 차들이 같이 보이고 창가에서 한두칸 뒤에 앉으면 차 말고 바다만 보여서 이것도 좋은 것 같아요~
1층에는 반려견도 같이 있을 수 있는 공간인 것 같아요. 
도로변에 주차할 곳이 많아서 좋아요."
보사노바 커피로스터스 삼척점,"보사노바는 빵도 맛있고 커피도 맛있어요.
반려견 동반도 가능해서 너무 좋은데 반려견동반은 1층 구역에 한정되어있어요. 
루프탑에서 바람쐬면서 커피마시기 너무 좋아요"
보사노바 커피로스터스 삼척점,좋아요
보사노바 커피로스터스 삼척점,바다뷰 칵베!
보사노바 커피로스터스 삼척점,"빵, 커피 짱 뷰는 덤입니다ㅋ"
보사노바 커피로스터스 삼척점,맛있고 뷰 좋아요
보사노바 커피로스터스 삼척점,좋아요
보사노바 커피로스터스 삼척점,커피도 맛있고 프레첼 머랭쿠키도 맛있어요
보사노바 커피로스터스 삼척점,모야~ 이쁜데 맛나기까지 함
보사노바 커피로스터스 삼척점,굿
보사노바 커피로스터스 삼척점,빵도 맛있고 삼척해변 앞이라 오션뷰가 시원하게 보이고 좋네요^^
보사노바 커피로스터스 삼척점,"주차하기 편하고 바다뷰는 좋은데
디저트종류가 너무없어서 
아쉬워요"
보사노바 커피로스터스 삼척점,"커피 맛은 말할 것도 없습니다. 무엇을 고르셔도 과하지 않고 조화로운 밸런스 덕에 입문자도 편안하게 커피를 즐길 수 있을 듯 합니다. 디저트 종류도 다양해서 골라먹는 재미가 있고, 매장이 넓고 뷰와 인테리어가 멋있어서 기분 전환하기 좋습니다."
보사노바 커피로스터스 삼척점,일단 카페가 넓어서 좋아요. 빵 종류도 많고 커피도 맛있어요. 바다 뷰라서 맛있는 빵 먹으면서 커피한잔 하기 딱 좋아요~~
보사노바 커피로스터스 삼척점,뷰맛집이지요~ 야경도 좋더라구요 
보사노바 커피로스터스 삼척점,뷰맛집
보사노바 커피로스터스 삼척점,커피는 괜찮은데 베이커리는 별로네요
보사노바 커피로스터스 삼척점,진짜 꼭 가세요!!!
보사노바 커피로스터스 삼척점,자몽피치아이스티존맛
보사노바 커피로스터스 삼척점,바다경치가 굿
보사노바 커피로스터스 삼척점,맛있어요 
보사노바 커피로스터스 삼척점,"창가 바다뷰에서 커피마시니 힐링되고 좋았어요
커피랑 빵 다 맛있어요"
보사노바 커피로스터스 삼척점,바닷가 앞이라 뷰가 좋아요. 케잌은 그냥이네요. 앙버터는 괜찮았어요. 
보사노바 커피로스터스 삼척점,피넛버터라떼 넘 맛있어요!!!
보사노바 커피로스터스 삼척점,굿
보사노바 커피로스터스 삼척점,굿
보사노바 커피로스터스 삼척점,피넛버터라떼..존맛탱!!!
보사노바 커피로스터스 삼척점,삼척 바다 뷰에 맛있는 커피라니 🥹 너무 좋습니다
보사노바 커피로스터스 삼척점,좋아요~
보사노바 커피로스터스 삼척점,좋아요 
보사노바 커피로스터스 삼척점,비싸요 
뺑드엘리시안,맛있어요 !! 어니언베이글 맛있습니당
뺑드엘리시안,"유명한 빵집
좀 비싸긴 해요~!!
"
뺑드엘리시안,"시즌 한정판 리얼 딸기통통을 예약을 했는데 사진이랑
달라서 말씀드렸더니 가격은 똑같고 사진을 변경을 안했다고 말해서
좀 어이가 없었네요 빵이 맛있어서 멀리서 왔는데 다시는 안올거같네요
"
뺑드엘리시안,좋아요 
뺑드엘리시안,저는 손에 꼽으라면 뺑드엘리시안 추천할 정도로 너무 좋아해용! 그냥 케잌 뿐만이아니라 다 맛있더라구용! 담에 빵 한번 털러 갈게용! ㅎㅎ 
뺑드엘리시안,여러번 들렸던 곳인데 케이크는 처음 구매했어요 순우유생크림 정말 맛있어요ㅠㅠ
뺑드엘리시안,맛나요 재고 처리 보다 그날 빵으로 주세요 타르트 하루 지나도 눅눅해요 ㅠ
뺑드엘리시안,소문대로 맛있어요
뺑드엘리시안,재료도 신선하고 빵이 고퀄리티에요 😊❤
뺑드엘리시안,빵가격은 비싼편이지만 맛은 있어요
뺑드엘리시안,"엘리시안이 직장 근처였을때엔 딸기 케이크 매니아였고, 아주 오랜만에 결혼기념일 케이크로 예약하고 사러갔어요~ 맛이 훌륭합니다 
그치만 이번에 기념일 케이크로 선택한건 실수 였어요. 촛불에 불을켤수 없었어요 ㅜㅜ 들어있던 초와 함께 동봉된 성냥도, 따로 구입한 숫자모양 9 초의 성냥이 불량이었어요.. ㅜㅜ  불이 붙지 않는.. "
뺑드엘리시안,친절합니다
뺑드엘리시안,꿀맛😋 특히 어니언베이글 강추합니다
뺑드엘리시안,굿
뺑드엘리시안,빵이 너무 맛있었어요ㅡ!!!
뺑드엘리시안,매번 케이크 구매하고 있어요
뺑드엘리시안,굿
뺑드엘리시안,조아요
뺑드엘리시안,굿
뺑드엘리시안,"도지마롤, 레드벨벳케이크 미리 예약 후 찾으러갔습니다. 원래 티라미슈케이크맛집이었는데 ㅠㅠ 티라미슈가 없어졌어요... 레드벨벳케이크는 치즈크림과 잘 어울려 맛있었지만, 티라미슈가 최고인듯합니다. 케이크도 조금 작아졌어요.. 
유기농이라 믿고 먹을 수 있습니다.👍

* 주차가능합니다.(O)
* 유기농입니다.
* 일요일 정기휴무입니다."
뺑드엘리시안,좋아여
뺑드엘리시안,여러종류의 빵  좋아요
뺑드엘리시안,굿
뺑드엘리시안,굿
뺑드엘리시안,굿
뺑드엘리시안,굿
뺑드엘리시안,비싼데 맛있어요 특히 케이크
뺑드엘리시안,굿
뺑드엘리시안,굿굿
뺑드엘리시안,맛있어요 
뺑드엘리시안,굿~
뺑드엘리시안,잘 먹었습니다!
뺑드엘리시안,굿
뺑드엘리시안,맛잇어요 . 한판으로 시켯는데 맛이 겹쳐서 아쉬워용ㅠ
뺑드엘리시안,고구마 케이크 달지 않고 맛있어요! 고구마 케이크는 두번째 구매하네요 ㅎㅎ 나이드신 분들도 달지않고 맛있다고 좋아하셨습니다 ㅎㅎ
뺑드엘리시안,굿
뺑드엘리시안,좋아요 
뺑드엘리시안,"빵 대빵 맛있어요 완전! 
반복불가 좋맛탱?"
뺑드엘리시안,좋맛탱
뺑드엘리시안,쏘쏘
뺑드엘리시안,"건강한 빵집입니다. 
찹쌀로 만든 떡같은 느낌의
모찌모찌랑  호밀빵에아몬드투척도
좋네요
참,단팥빵  맛집이란 리뷰가 많은데
저도 사진은 안찍었지만
사갔고  먹어보니 너무 맛있었어요"
뺑드엘리시안,맛있어요
뺑드엘리시안,좋아요
뺑드엘리시안,맛이 있어요 좀 비싸요 
뺑드엘리시안,단팥빵 맛집
뺑드엘리시안,누룽지빵 드세요
뺑드엘리시안,사장님이신지 잘 모르겠어요 여자분이 너무 친절하시고 근처에 사는 지인 추천해서 방문했다고 하니깐 서비스도 몇개 챙겨서 주셨어요 빵 좋아하시는 아빠가 달지도 않고 맛있다고하셔서 자주 들릴래요
뺑드엘리시안,"최애 베이커리입니다
정말 다 맛있어요♡♡"
뺑드엘리시안,디자인이 예쁘고 맛도 좋았어요
뺑드엘리시안,타르트 조아요
뺑드엘리시안,좋아요
뺑드엘리시안,좋아요
뺑드엘리시안,좋아요 
뺑드엘리시안,맛나요
뺑드엘리시안,자주 들르는곳입니다. 맛있어요~
뺑드엘리시안,내가살찌는이유
뺑드엘리시안,굿
뺑드엘리시안,재료가 아낌없이 들어간 느낌이예요. 맛있어요!
뺑드엘리시안,지인에게 선물했는데 맛있다고 너무 좋아하네요~!
뺑드엘리시안,모카찹쌀브레드 꼭 사세요
서귀피안 베이커리,"매장 분위기 좋아요
커피가 맛있어요~^^"
서귀피안 베이커리,"소문 듣고 찾아온 제주도 빵집!!
아기 때문에 아쿠아 플라넷 왔다가
어른들은 서귀피안베이커리에서 힐링하고 가요.
넓고 쾌적하고 맛난 빵도 가득가득^^"
서귀피안 베이커리,"아메리카노와 트러플오일치아바타를 먹었어요. 점심을 배불리 먹고 와서 빵 안시키려다 그래도 아쉬운 마음에 하나 주문해보았습니다. 치아바타 맛있어요! 그리고 아메리카노도요(하지만 7천원☕️.....뭐, 커피값은 그 안에 많은게 포함되어 있으니까요!) 매장에 캐롤이 흘러나와서 기분 좋게 머물다 갑니다.🎄🎄🎄"
서귀피안 베이커리,"밥먹은지 십분만에 온 까페
배불러도 먹고싶어서 빵을 두개나샀어요
탁월한선택이였네요 솔티드카라멜 이거 드세여 너무 맛있어요"
서귀피안 베이커리,뷰도 좋고 빵도 종류도 많아요!
서귀피안 베이커리,뷰 멋지고 특별한 시간 보내기 좋아요~
서귀피안 베이커리,빵과 커피가 맛나요~ 기저귀 갈이대가 잘 되어 있어 아이동반하기 좋아요~
서귀피안 베이커리,"많은 오션뷰카페와는 다르게  통창으로 바라보는 노을이 무척 이뻤습니다 ! 
음료와 빵은 말하지않아도 정말 맛있습니다 !! "
서귀피안 베이커리,커피도 맛있고 빵도 맛있고 경치도 멋져요. 더할나위 없이 좋네요!!
서귀피안 베이커리,바다뷰가 예쁘고 빵이너무맛있어보여요 이거먹으러 멀리서왔는데 잘 먹고갈게요~~!
서귀피안 베이커리,"뷰가 너무 좋아요^^커피도 빵도 맛있어요^^
뷰도 빵도 맛집입니다♡ 
다시오고싶은곳 추천입니다."
서귀피안 베이커리,뷰가 너무 예쁘고 깨끗해요 ㅎㅎ
서귀피안 베이커리,넓고 뷰도 좋고 빵도 맛있고 커피도 맛있는데 자리는 조금 불폌해요
서귀피안 베이커리,빵이 엄청 맛있어요 바다도 한눈에 보여서 좋아요😀 
서귀피안 베이커리,"제주패스로 왔는데 뷰맛집 커피 맛집이예요~~~!
빵도 여러가지 있어서 필수로 다녀올곳인거같아요~~~!추천추천"
서귀피안 베이커리,음료가 맛있어요 ~ 뷰도 너무 예뻐요 !!
서귀피안 베이커리,경치도 좋고 커피맛도
서귀피안 베이커리,"멕시코식당같은 느낌인데 베이커리카페에요!
임산부라 디카페인커피도 가능해서 좋네요. 여기 빵이 종류도많고 이쁘고 맛있어요. 제주시에 사는 도민인데 여기 특유의 분위기와 빵맛에 기분내라 한번씩 여기까지 드라이브와서 머물다갑니당^^"
서귀피안 베이커리,"성산베이커리 맛집
커피도 맛있어요 굳굳"
서귀피안 베이커리,뷰가 좋고 커피 빵 전부 맛있습니다. 강추합니다.
서귀피안 베이커리,"너무 좋은 뷰에 맛있는 크로와상, 소금빵까지
만족하고 갑니당 ㅎㅎ"
서귀피안 베이커리,뷰도 좋고 빵도 맛있어서 육지에서 친정 식구들 올때마다 오는 곳이에요!
서귀피안 베이커리,사진보다 실물이 예쁜 카페에요! 기저귀갈이 공간이 따로 있고 아기의자가 있어서 아기랑 같이오기 너무 편해요 커피랑 빵도 👍👍👍
서귀피안 베이커리,"뷰가 너무 좋구 
빵도 너무 맛있어요
"
서귀피안 베이커리,뷰가 너무 좋은거 같아요
서귀피안 베이커리,뷰가 좋고 빵종류가 많아요ㅎㅎ
서귀피안 베이커리,"밀물이 가득차 있는 오후 시간 때 비오는 날 조용히 운치있게 좋네요
성산 지나시는 길에 들리시면 좋을 거 같아요
크리스마스 장식도 예뻐요"
서귀피안 베이커리,늘 오는데 여기만한 카페가 없어요 완전 강추입니다
서귀피안 베이커리,빵도예쁘고 뷰가 너무 조아요
서귀피안 베이커리,비오는 날 방문했는데도 뷰가 너무 예뻤어요 날 좋을 때 또 오고싶음
서귀피안 베이커리,뷰가…너무…환상적이라…ㅎㅎㅎ
서귀피안 베이커리,주문한 음료 외의 컵은 제공되지 않습니다
서귀피안 베이커리,뷰 맛집에 빵들도 너무맛있어요‼️‼️‼️
서귀피안 베이커리,매장 넓고 뷰도 좋아요! 빵 종류도 많습니다!
서귀피안 베이커리,굿굿
서귀피안 베이커리,뷰 맛집
서귀피안 베이커리,예쁜뷰 맛있는빵과 커피 모두 만족 입니다♡
서귀피안 베이커리,"커피, 빵, 뷰 맛집이네요"
서귀피안 베이커리,탁 트인 바다뷰에  빵과 음료도 맛있어요^^
서귀피안 베이커리,성산여행 필수코스라고 해서 와봤는데 빵도 분위기도 너무너무 최고에요!!! 만족스럽게 있다가 갑니다 
서귀피안 베이커리,45m파노라마뷰 정말 좋아요
서귀피안 베이커리,"빵순이라 후기가 좋아 와봤습니다
뷰도 매장도 예쁘고
커피와 빵도 맛있어요
카야잼앙버터 강추합니다❤️"
서귀피안 베이커리,바다를 보며 먹을 수 있어서 너무 좋아요. 빵이랑 음료도 넘넘 맛있어요 🥨
서귀피안 베이커리,"제주투어패스로 왔어요
베이커리 짱 많아요 먹고싶은 게 많았는데
바질크림치즈토마토 하나 골랐어요
와....... 이건 찐이야
진짜 맛있어요 이거 꼭 드셔보세요
돌아와서도 생각나는 빵입니다"
서귀피안 베이커리,섭지코지 뷰가 정말 좋네요ㅎㅎ 이 근처에서 이른 아침에 문 여는 곳는 이곳밖에 없는 것 같아요. 빵도 맛있고 커피도 맛있었습니다ㅎㅎ
서귀피안 베이커리,분위기 너무 좋고 매장도 크고 빵 종류도 많아요!! 바로 앞에서 바다 보면서 빵도 먹을 수 있어요💕💕
서귀피안 베이커리,뷰도 좋고 빵도 음료도 너무 맛있어요!!! 제주도오면 강추해주고 싶은 곳이네요:)
서귀피안 베이커리,빵도 커피도 너무맛나서 매일왔네요!! 섭지코지오시면 꼭 가셔야하는 맛집입니당
서귀피안 베이커리,뷰 끝내줌
서귀피안 베이커리,"핫플답게 멋진 카페 '서귀피안베이커리'네요~^^  매장도 멋지고 2층3층에서 보는 바다뷰가 장관입니다~ 커피도 맛있고 빵도 맛있어요..
또 오고싶네요♡"
서귀피안 베이커리,뷰가 좋아요.  손님도 많네요.
서귀피안 베이커리,"여직원친절도가 떨어지네요.
빵은 맛있고 뷰는 좋았어ㅛ"
서귀피안 베이커리,"아이가 좋아하는 빨미까레가  있고
엄마가 좋아하는 오션뷰도 있고
빵도 맛있고♡ 뷰도 멋찌고♡
직원분들도 친절해요~
제주 올때마다 여긴 올꺼 같아요^^"
서귀피안 베이커리,"뷰 진짜 끝내주고 빵도 맛있고 커피향도 너무 좋아요
재방문 의사 100%입니다"
서귀피안 베이커리,빵이 맛있어용 풍경굿
서귀피안 베이커리,신얌해수욕장 풍경과 맛있는 커피 좋아요
PNB 풍년제과 본점,"늦은 시간에가서 크림 단팥빵은 없더라구요 ~
다른빵으로 사왔어요~늦은시간에 가면 빵종류가
많지는 않은거 같아요~에그타르트 살까말까 고민하다
추천빵이라고 해서 사봤는데  어른들이 좋아하실만한에그타르트 느낌이였어요~ 제입맛에는 별로 안맞았습니다^^“"
PNB 풍년제과 본점,맛있어요! 미니 초코파이로 샀는데 맛있고 덤으로 붓세도 얻었습니다!! 예전보다 맛있는 것 같아요~~!!
PNB 풍년제과 본점,전통있는 빵집의 충실한 맛이 좋네요.
PNB 풍년제과 본점,"전주오면 기념으로 한손에 들고 다니는 초코파이, 양갱 선물용으로 좋아요~~^^"
PNB 풍년제과 본점,전주에서 유명한 이유를 알겠네요
PNB 풍년제과 본점,"누군가가 풍년제과보다 pnb가 원조라고 해서 일부러 본점까지가서 샀어유
현지분들은 붓세를 더 많이드신다 해서 붓세도 사봄!
다쿠아즈보다는 좀더 파운드케이크에 가까운 맛이고 바삭함 없어서 아숩..! (다쿠아즈를 기대하셨다면 돌아가세영) 모카? 초코? 맛 버터크림과 딸기잼이 샌딩되어있습니당"
PNB 풍년제과 본점,선물하기 좋아요 
PNB 풍년제과 본점,친절한 서비스에 다시 찾고 싶은 곳이예요
PNB 풍년제과 본점,초코파이
PNB 풍년제과 본점,좋아요
PNB 풍년제과 본점,전주하면 풍년제과~ 그런데 풍년제과 원주인이 바뀌었다고하내요
PNB 풍년제과 본점,"빵이 맛있어요
근데 김말이모양 빵은 별로..."
PNB 풍년제과 본점,"풍년제과 본점에 다녀왔어요.
초코파이 시리즈로 구매했어요.
달지않고 맛이 좋아요.
상품권 분쟁으로 문제가 있었다는 말 듣고 안타까웠네요. 세상의 나쁜맘 먹는 사람이 없었음...좋겠어요.

피엔비 파이팅!!"
PNB 풍년제과 본점,전주풍년제과본점 오랜전통3대째 여사장님 세심하게손님배려하고친절해요 직원친절하구요 특히 다양한전병(센베이)넘맛있구요  초코파이 ㆍ빵ㆍ케익ㆍ생과자등다양한상품있어요
PNB 풍년제과 본점,최고 맛나네요 역시 본점
PNB 풍년제과 본점,굿 주차 힘드네요
PNB 풍년제과 본점,초코파이가 맛있는 풍년제과이에요
PNB 풍년제과 본점,전주 방문한  지인 선물 로 구매함
PNB 풍년제과 본점,초코소라빵 맛있어요
PNB 풍년제과 본점,초꼬파이 맛있어요 :)
PNB 풍년제과 본점,초코파이 뿐만 아니라 다른 과자도 맛있어요!
PNB 풍년제과 본점,땅콩전병도 맛있고 초쿄파이 선물하기 좋아요 지정주차장도 한시간 지원해주니 주차 걱정없어서 좋네요 초쿄소라빵 촉촉하고 달달하니 맛있어요^^
PNB 풍년제과 본점,"이곳이 풍년 본점으로 전 알고 있어요
아주 좋아요"
PNB 풍년제과 본점,여기오면 풍년제과 초코파이는 꼭 사야해요ㅎ 
PNB 풍년제과 본점,쿠키 꿀맛
PNB 풍년제과 본점,좋어요
PNB 풍년제과 본점,"여기가 찐이예요.
대신 달아요.
그런데 재료가 잘들어가있어서 만족해료"
PNB 풍년제과 본점,전주 여행 선물하기 좋아요 ㅎ
PNB 풍년제과 본점,소금빵 최고
PNB 풍년제과 본점,"유튜버가 소개해서 유명해진 초코소라빵 한개 남아서 먹었는데 초코가 녹진하고, 빵피가 쫄깃해서 맛있어요 
앙금빵도 오랜만에 먹으니 맛있네요 

옛날 빵집+트렌드반영한 빵들이 많아서 좋아요! "
PNB 풍년제과 본점,여전히 맛있네요
PNB 풍년제과 본점,전주 여행길에 땅콩전병이랑 초코파이 잔뜩 사가지고 돌아갑니다~ 초코파이 맛별로 다 사갈걸 그랬어요!
PNB 풍년제과 본점,"22.11.26
전주의 일자리 창출기업
타집에비해 가격도 크게비싸지않다"
PNB 풍년제과 본점,빵이 맛있어요 
PNB 풍년제과 본점,본점이라 그런가 맛 초코맛보다 더 다양하네요
PNB 풍년제과 본점,전주 관광 국룰 초코파이 말모 존맛
PNB 풍년제과 본점,풍년제과 본점 정겨운 빵이 많음
PNB 풍년제과 본점,맛있어요 
PNB 풍년제과 본점,"전주에 갈 때마다 들러서 구매합니다.
만족해요~"
PNB 풍년제과 본점,굳굳
PNB 풍년제과 본점,"본점이 종류가 많다해서 한옥마을에 있다가 일부러 본점 갔어요 빵종류는 여러가지며, 근데 초코파이 종류는 똑같아요 오히려 한옥마을점에는 녹차초코파이가 있던데 본점엔 없더라구요!
직원분 친절하시고 주차장은 구비되어있어 좋아요!

근데 그걸 떠나서... 본점서 초코파이 반반 2박스나 샀는데 크기가 너무한거 아닙니까.... 집와서 열어봤더니 붓세는 괜찮은데 초코파이 크기가 완전 미니사이즈 같아요.... 위에꺼는 한옥마을점 초코파이입니다 실제로 봐야 진짜 차이가 확 나는데, 비교한사진입니다. 진짜 크기보고 너무 충격.... 한개만 작은게 아니라 2박스 중 초코6개 정도가 다 작아요.. 너무 실망이에요ㅠㅠㅠㅠ맛은 똑같으나 같은 가격으로 크기가 터무니없이 작으니 화가나더라구요ㅠㅠ 
다음에 간다면 저는 한옥마을점가려고요"
PNB 풍년제과 본점,하나만 먹어도 당충전 짱입니다 !
PNB 풍년제과 본점,초코파이 맛있어요!
PNB 풍년제과 본점,초코파이 사러 한번씩 들러요. 당떨어질 때 먹으면 좋아용🤗
PNB 풍년제과 본점,젛
PNB 풍년제과 본점,친절해요 
PNB 풍년제과 본점,ㅡ
PNB 풍년제과 본점,"건너편에 주차장 있으니 참고하세요!
놀러갈때마다 들리는데 빵이 맛있다기보다는 선물용으로 좋아서 구매하게 되네요.
추천하는 맛집은 아닙니당"
PNB 풍년제과 본점,원조는 여기였네요ㅎㅎ 맛있어요
PNB 풍년제과 본점,풍년제과 본점이라서 기대를 많이 하고 갔었습니다. 전주에 갔을 때 꼭 사는 것이 초코파이잖아요. 근데 본점이라서 맛이 좀 더 있거나 빵이 신선하다는 느낌은 받지를 못했습니다. 서비스도 별로 친절하다는 느낌을 받지는 못했습니다. 그냥 장사가 잘 되니깐 기계적인 느낌이 들었습니다. 초코파이도 그냥 이제는 대량생산 된 대기업 제품의 맛이 나서 좀 아쉬운 느낌이었습니다. 그래도 초코파이 두박스는 구매를 했습니다 ㅋ
PNB 풍년제과 본점,빵이 맛있어요
PNB 풍년제과 본점,생각보다 크진 않아요
PNB 풍년제과 본점,좋아요
PNB 풍년제과 본점,풍년제과 최고에용
PNB 풍년제과 본점,굳
PNB 풍년제과 본점,초코를 별로 안좋ㅇ하는데 옛날 전주파이보다 훨씬 맛있어졌어요
Auspice coffee,가족들과 포항 여행 간 김에 오션뷰로 되어진 카페를 검색하니 어스피스가 나와서 가게 됐는데 주차하기에도 편하고 테이블도 많고 뷰도 예쁘고 해서 힐링하고 온 것 같아요>.<
Auspice coffee,맛잇아요
Auspice coffee,어스
Auspice coffee,뷰 맛집에 커피 맛집
Auspice coffee,"뷰겁나좋아요!!! 
주차장도 넓고 인테리어 멋져서 사진찍을맛 나요 ㅎㅎ 
바다보며 물멍 잔뜩 때리고 갑니다~~! 
커피도 맛있어요 ♡ "
Auspice coffee,구룡포에서 호미곶 가는 길에 만난 뷰 맛집
Auspice coffee,건물이이뻐요
Auspice coffee,비싼편이지만 뷰값으로ㅎ
Auspice coffee,커피가 맛있고 뷰가 좋아요😊
Auspice coffee,좋아요
Auspice coffee,좋은곳입니다
Auspice coffee,굿
Auspice coffee,뷰도 인테리어도 좋았어요. 잘 머물다 갑니다 :)
Auspice coffee,뷰가좋아요
Auspice coffee,🙌
Auspice coffee,뷰가 예뻐요
Auspice coffee,"오션뷰만으로 스트레스가 다 날라가는 기분
바다가 너무 예쁜데
커피도 맛있어요"
Auspice coffee,포토존이 많아여
Auspice coffee,분위기 좋은 어스커피 ❤️ 바다가 바로 보여서 좋아요🌊
Auspice coffee,"말차라떼 (7,000원)
카페라떼 (6,500원)
오레오크로플 (6,000원)

와 크로플 왕 달다🤪"
Auspice coffee,포항카페중에 제일 좋았어요~~특히 디저트맛집ㅎㅎ사진 대충 찍어도 뷰가 예뻐서 잘나와요🥰🥰 포항데이트코스로  강추!!! 무엇보다 사장님이 친절친절❤🧡💛최고!!
Auspice coffee,굿
Auspice coffee,뷰가 너무 예쁘고 공간별로 독립적이라 대화하기에 좋아요!
Auspice coffee,뷰가 너무 예쁘고 디저트도 맛있어요
Auspice coffee,"너무 멋진곳이죠
커피 맛도 좋답니다"
Auspice coffee,"오션뷰 호미곳카페에요~👍
커피 완전 맛나요~
라떼두 카푸치노 두요~~

화이트 톤의 깔끔한 카페"
Auspice coffee,"건축물이 넘 멋져요~~
뷰도 넘 멋져요"
Auspice coffee,"뷰가 정말 이뻐요
포토존도 맘에들구요
포항은 처음인데 너무 좋네요ㆍ"
Auspice coffee,뷰가 진짜 예뻐요ㅜㅜㅜ 포토존이 따로 있고 음료는 들고갈 수 없는데 너무 좋아요
Auspice coffee,맛도좋고 뷰도좋았어요 👍🏻
Auspice coffee,뷰가 정말 멋집니다
Auspice coffee,아주추천해요
Auspice coffee,뷰가 좋아요 
Auspice coffee,커피도 맛잇엇구 쉐이크도 맛잇어용
Auspice coffee,생각했던 것보다 달랐지만 뷰가 좋아요
Auspice coffee,뷰 좋네ㅛ~~
Auspice coffee,인스타카페답에 포토스팟도 따로있고 넘 예뻐요^.^
Auspice coffee,출장왔다가 와봤는데 커피랑 크로플 맛있고 깨끗해서 좋아요.
Auspice coffee,"화요일에 와서 여유롭게 오션뷰를 만끽하네요🤍🤍 1층부터 루프탑까지 청량한 오션뷰 최고, 인테리어도 멋지고 노체크림라떼도 너무 맛있어요!! 지금 앉아만 있는데도 넘 행복해요🥰"
Auspice coffee,커피맛이 나쁘진 않은데 뷰가 나쁘지도 않은데 음...뭔가 확 와닿는게 없는 그런카페느낌.
Auspice coffee,포항끝끝끝에잇지만 왜 다들 멀어도 찾는지알겟어요 사진이 장난아니게 이쁘거덩요ㅎㅎ
Auspice coffee,자리가 애매하네요 다른건 ㄱㅊㄱㅊ
Auspice coffee,"저 통유리 공간보고 갔는데
쪼매 실망했어요
덩그러니..
카페앞 뷰가 정말 멋져요"
Auspice coffee,뷰가 너무 좋아요~~기분 전환👍🏼
Auspice coffee,뷰가 좋아요
Auspice coffee,뽀또라떼🧡💛🧡💛🧡💛🧡💛
Auspice coffee,"건축문화상 받은 건물이라 그런지 되게 이쁘고 깔끔했어요ㅠㅠ 그리고 뷰가..미쳤어요
날씨가 그렇게 좋지 않았는데도 바다가 바로 앞에서 파도치고 하늘도 되게 가깝게 느껴질만큼 탁 트여있어요!! 
제가 가본 카페중에 탑에 꼽아요 포항가시면 꼭 가보세요 음료도 맛있고 특히 저 블루베리요거트케이크 존맛탱이에요..ㅠㅠㅠㅠㅠㅠ
사진찍기도 너무좋고 여자직원분도 친절하시고 다다다 맘에 들었던 카페입니다 꼭 가보세요"
Auspice coffee,뷰만 좋아요
Auspice coffee,뷰 맛집. 친절하고 분위기 좋고. 최고였어요.
Auspice coffee,핫한곳
Auspice coffee,뷰좋고 분위기좋고 화장실 깨끗하고 커피맛도 나쁘지 않았습니다.
Auspice coffee,좋아요
Auspice coffee,굿
Auspice coffee,오션뷰 카페
